fecha,demanda_MWh
2015-01-01,603961.474
2015-01-02,715038.679
2015-01-03,698648.512
2015-01-04,663533.254
2015-01-05,714784.323
2015-01-06,640502.59
2015-01-07,797756.388
2015-01-08,825171.274
2015-01-09,814974.325
2015-01-10,730111.554
2015-01-11,677864.576
2015-01-12,798385.956
2015-01-13,808843.601
2015-01-14,808917.954
2015-01-15,805493.97
2015-01-16,806819.56
2015-01-17,737370.835
2015-01-18,705750.634
2015-01-19,832362.441
2015-01-20,854993.657
2015-01-21,858827.193
2015-01-22,852352.418
2015-01-23,840300.824
2015-01-24,755029.505
2015-01-25,691396.043
2015-01-26,820201.525
2015-01-27,828540.004
2015-01-28,822819.394
2015-01-29,817268.3
2015-01-30,800560.346
2015-01-31,722197.352
2015-02-01,683673.435
2015-02-02,828262.167
2015-02-03,846036.506
2015-02-04,864074.151
2015-02-05,861302.699
2015-02-06,865557.073
2015-02-07,788806.462
2015-02-08,722720.341
2015-02-09,848776.346
2015-02-10,855151.057
2015-02-11,844145.344
2015-02-12,837363.267
2015-02-13,815588.837
2015-02-14,731921.206
2015-02-15,666364.522
2015-02-16,781256.148
2015-02-17,808815.061
2015-02-18,805298.458
2015-02-19,800595.235
2015-02-20,800551.083
2015-02-21,723076.713
2015-02-22,667165.755
2015-02-23,785999.9
2015-02-24,804965.856
2015-02-25,799906.96
2015-02-26,785077.042
2015-02-27,767747.309
2015-02-28,688925.369
2015-03-01,632398.66
2015-03-02,740931.84
2015-03-03,748029.863
2015-03-04,759198.992
2015-03-05,766393.373
2015-03-06,759165.523
2015-03-07,672167.186
2015-03-08,620213.043
2015-03-09,735652.229
2015-03-10,746131.443
2015-03-11,741747.056
2015-03-12,737807.726
2015-03-13,742091.977
2015-03-14,683933.3
2015-03-15,639038.519
2015-03-16,756961.293
2015-03-17,773881.322
2015-03-18,778774.68
2015-03-19,725746.383
2015-03-20,748690.134
2015-03-21,692449.444
2015-03-22,643671.461
2015-03-23,770191.421
2015-03-24,788329.454
2015-03-25,783474.768
2015-03-26,774783.358
2015-03-27,747182.605
2015-03-28,658008.983
2015-03-29,569315.019
2015-03-30,688471.645
2015-03-31,695789.839
2015-04-01,686214.746
2015-04-02,607005.552
2015-04-03,552208.451
2015-04-04,582323.752
2015-04-05,556138.649
2015-04-06,610002.313
2015-04-07,691830.242
2015-04-08,713967.196
2015-04-09,721531.788
2015-04-10,715078.518
2015-04-11,648069.159
2015-04-12,591230.202
2015-04-13,687032.209
2015-04-14,705415.927
2015-04-15,715115.209
2015-04-16,715549.262
2015-04-17,706799.691
2015-04-18,634399.738
2015-04-19,582136.363
2015-04-20,687436.748
2015-04-21,701522.293
2015-04-22,699561.995
2015-04-23,687646.922
2015-04-24,692397.06
2015-04-25,634923.747
2015-04-26,587983.225
2015-04-27,692629.422
2015-04-28,700042.293
2015-04-29,703500.731
2015-04-30,704052.471
2015-05-01,578718.608
2015-05-02,600618.52
2015-05-03,579556.659
2015-05-04,696814.532
2015-05-05,712692.424
2015-05-06,709631.066
2015-05-07,709582.216
2015-05-08,713394.661
2015-05-09,645342.918
2015-05-10,592540.844
2015-05-11,708205.572
2015-05-12,733578.843
2015-05-13,744739.728
2015-05-14,759692.327
2015-05-15,715045.092
2015-05-16,648700.189
2015-05-17,596728.288
2015-05-18,712910.507
2015-05-19,725028.289
2015-05-20,709020.734
2015-05-21,704145.347
2015-05-22,703305.968
2015-05-23,638600.423
2015-05-24,580677.024
2015-05-25,690496.615
2015-05-26,711059.817
2015-05-27,718112.337
2015-05-28,727169.773
2015-05-29,718625.882
2015-05-30,646373.913
2015-05-31,593332.959
2015-06-01,706587.156
2015-06-02,738775.926
2015-06-03,747469.967
2015-06-04,730593.034
2015-06-05,742351.461
2015-06-06,678371.769
2015-06-07,620985.501
2015-06-08,745772.122
2015-06-09,757972.236
2015-06-10,757784.264
2015-06-11,743655.657
2015-06-12,726783.339
2015-06-13,649586.247
2015-06-14,589719.277
2015-06-15,700468.742
2015-06-16,708043.32
2015-06-17,718026.337
2015-06-18,728234.631
2015-06-19,739870.471
2015-06-20,677987.663
2015-06-21,623496.304
2015-06-22,746978.305
2015-06-23,749632.438
2015-06-24,709073.974
2015-06-25,756207.487
2015-06-26,773092.054
2015-06-27,718758.663
2015-06-28,668290.933
2015-06-29,802343.029
2015-06-30,825913.225
2015-07-01,818165.82
2015-07-02,807298.837
2015-07-03,813047.623
2015-07-04,735000.465
2015-07-05,690986.862
2015-07-06,833841.194
2015-07-07,866486.534
2015-07-08,861343.857
2015-07-09,842680.316
2015-07-10,830759.229
2015-07-11,740508.641
2015-07-12,681004.161
2015-07-13,824914.33
2015-07-14,849611.333
2015-07-15,854102.621
2015-07-16,852063.23
2015-07-17,849281.647
2015-07-18,753322.967
2015-07-19,684999.194
2015-07-20,841224.942
2015-07-21,865146.926
2015-07-22,856068.072
2015-07-23,851979.445
2015-07-24,843688.292
2015-07-25,730897.456
2015-07-26,673201.906
2015-07-27,816558.257
2015-07-28,833869.765
2015-07-29,844723.001
2015-07-30,819958.886
2015-07-31,779003.323
2015-08-01,680361.086
2015-08-02,635796.261
2015-08-03,774254.262
2015-08-04,786083.344
2015-08-05,794417.385
2015-08-06,793688.217
2015-08-07,801217.924
2015-08-08,711363.27
2015-08-09,636476.179
2015-08-10,744364.123
2015-08-11,762740.052
2015-08-12,767721.94
2015-08-13,753532.812
2015-08-14,713319.001
2015-08-15,621537.814
2015-08-16,594535.379
2015-08-17,697936.416
2015-08-18,706652.476
2015-08-19,709229.608
2015-08-20,731671.914
2015-08-21,745031.982
2015-08-22,675418.314
2015-08-23,614465.919
2015-08-24,710603.426
2015-08-25,735562.748
2015-08-26,752911.303
2015-08-27,764243.524
2015-08-28,768622.78
2015-08-29,700909.286
2015-08-30,653032.965
2015-08-31,782342.091
2015-09-01,781600.481
2015-09-02,773137.955
2015-09-03,755240.694
2015-09-04,732691.965
2015-09-05,645794.998
2015-09-06,591063.167
2015-09-07,699849.007
2015-09-08,702432.005
2015-09-09,722409.942
2015-09-10,728505.804
2015-09-11,701623.09
2015-09-12,652086.767
2015-09-13,599682.057
2015-09-14,703998.29
2015-09-15,721881.88
2015-09-16,731468.57
2015-09-17,716961.823
2015-09-18,709624.619
2015-09-19,641702.928
2015-09-20,590658.05
2015-09-21,709595.849
2015-09-22,729247.244
2015-09-23,725527.873
2015-09-24,716022.639
2015-09-25,713482.173
2015-09-26,641495.081
2015-09-27,588066.446
2015-09-28,699250.72
2015-09-29,712306.712
2015-09-30,709938.298
2015-10-01,710340.362
2015-10-02,710143.781
2015-10-03,637119.214
2015-10-04,591918.854
2015-10-05,714002.393
2015-10-06,721391.469
2015-10-07,712141.884
2015-10-08,708634.682
2015-10-09,689071.367
2015-10-10,624383.868
2015-10-11,577053.306
2015-10-12,591151.662
2015-10-13,693736.095
2015-10-14,702326.943
2015-10-15,701629.47
2015-10-16,702415.798
2015-10-17,634734.343
2015-10-18,585855.092
2015-10-19,701795.134
2015-10-20,714150.506
2015-10-21,708063.51
2015-10-22,706492.648
2015-10-23,705365.625
2015-10-24,632451.637
2015-10-25,606248.24
2015-10-26,698714.377
2015-10-27,714045.704
2015-10-28,712968.78
2015-10-29,713797.41
2015-10-30,705347.426
2015-10-31,631421.414
2015-11-01,577443.778
2015-11-02,662810.755
2015-11-03,713156.063
2015-11-04,717848.047
2015-11-05,712966.18
2015-11-06,709440.852
2015-11-07,631290.114
2015-11-08,580730.06
2015-11-09,682737.263
2015-11-10,708284.438
2015-11-11,712159.923
2015-11-12,714782.597
2015-11-13,714253.807
2015-11-14,635005.213
2015-11-15,590681.619
2015-11-16,710388.594
2015-11-17,732321.9
2015-11-18,734600.621
2015-11-19,729865.477
2015-11-20,727648.544
2015-11-21,658982.079
2015-11-22,621390.199
2015-11-23,761047.095
2015-11-24,792667.153
2015-11-25,786283.895
2015-11-26,777027.662
2015-11-27,765601.74
2015-11-28,688310.998
2015-11-29,640782.551
2015-11-30,771609.629
2015-12-01,790099.773
2015-12-02,791699.766
2015-12-03,783002.667
2015-12-04,771917.122
2015-12-05,695778.905
2015-12-06,640414.626
2015-12-07,677337.078
2015-12-08,648186.832
2015-12-09,756864.691
2015-12-10,773300.04
2015-12-11,773033.866
2015-12-12,701968.104
2015-12-13,657019.376
2015-12-14,776425.684
2015-12-15,780963.44
2015-12-16,772292.239
2015-12-17,770585.858
2015-12-18,755427.25
2015-12-19,688717.004
2015-12-20,640402.405
2015-12-21,744705.501
2015-12-22,753394.497
2015-12-23,737145.724
2015-12-24,649621.947
2015-12-25,552928.567
2015-12-26,609671.374
2015-12-27,607423.494
2015-12-28,691856.429
2015-12-29,688847.584
2015-12-30,686469.667
2015-12-31,635232.317
2016-01-01,549334.251
2016-01-02,614370.924
2016-01-03,619728.026
2016-01-04,704966.605
2016-01-05,701386.909
2016-01-06,619994.074
2016-01-07,749294.848
2016-01-08,750160.278
2016-01-09,685100.337
2016-01-10,648714.619
2016-01-11,761504.75
2016-01-12,778891.307
2016-01-13,795087.713
2016-01-14,802427.396
2016-01-15,796846.21
2016-01-16,726141.03
2016-01-17,690103.083
2016-01-18,809652.278
2016-01-19,817453.121
2016-01-20,812592.743
2016-01-21,810913.591
2016-01-22,797248.912
2016-01-23,704774.445
2016-01-24,649539.394
2016-01-25,764530.819
2016-01-26,783129.126
2016-01-27,782454.402
2016-01-28,781220.285
2016-01-29,776149.051
2016-01-30,701070.736
2016-01-31,648243.321
2016-02-01,755604.833
2016-02-02,771162.157
2016-02-03,774920.755
2016-02-04,779636.335
2016-02-05,778440.4
2016-02-06,708475.865
2016-02-07,654892.273
2016-02-08,764576.899
2016-02-09,776296.4
2016-02-10,779057.216
2016-02-11,770145.265
2016-02-12,772155.474
2016-02-13,694719.829
2016-02-14,648984.261
2016-02-15,783874.49
2016-02-16,804822.875
2016-02-17,819617.781
2016-02-18,823891.322
2016-02-19,809709.545
2016-02-20,719890.582
2016-02-21,661995.391
2016-02-22,769236.13
2016-02-23,775844.287
2016-02-24,782909.849
2016-02-25,773022.654
2016-02-26,787433.867
2016-02-27,730652.05
2016-02-28,671872.845
2016-02-29,766564.788
2016-03-01,782435.271
2016-03-02,780440.745
2016-03-03,776053.071
2016-03-04,776287.283
2016-03-05,701814.836
2016-03-06,657322.151
2016-03-07,797057.198
2016-03-08,800620.964
2016-03-09,813456.131
2016-03-10,806943.774
2016-03-11,790478.931
2016-03-12,707083.567
2016-03-13,655003.476
2016-03-14,780217.235
2016-03-15,792756.102
2016-03-16,788127.677
2016-03-17,785951.92
2016-03-18,776984.922
2016-03-19,695002.995
2016-03-20,644667.695
2016-03-21,758215.411
2016-03-22,758874.659
2016-03-23,742133.988
2016-03-24,645171.744
2016-03-25,601008.215
2016-03-26,622066.484
2016-03-27,563666.749
2016-03-28,652080.331
2016-03-29,717409.352
2016-03-30,722449.298
2016-03-31,737927.173
2016-04-01,741458.89
2016-04-02,672655.24
2016-04-03,629069.4
2016-04-04,744085.306
2016-04-05,760497.377
2016-04-06,745920.411
2016-04-07,738810.264
2016-04-08,741091.847
2016-04-09,663840.188
2016-04-10,618589.05
2016-04-11,733820.471
2016-04-12,749723.748
2016-04-13,737981.093
2016-04-14,734656.04
2016-04-15,725628.052
2016-04-16,656666.187
2016-04-17,600865.508
2016-04-18,708728.644
2016-04-19,730879.617
2016-04-20,734992.037
2016-04-21,725975.418
2016-04-22,718425.772
2016-04-23,639355.867
2016-04-24,588258.41
2016-04-25,696704.796
2016-04-26,710869.658
2016-04-27,717645.536
2016-04-28,717950.891
2016-04-29,713568.969
2016-04-30,637483.106
2016-05-01,563400.989
2016-05-02,643269.665
2016-05-03,700908.897
2016-05-04,706336.716
2016-05-05,709504.363
2016-05-06,710229.085
2016-05-07,639234.355
2016-05-08,593675.127
2016-05-09,705132.32
2016-05-10,720107.983
2016-05-11,718238.093
2016-05-12,717601.264
2016-05-13,711552.092
2016-05-14,635350.364
2016-05-15,579221.135
2016-05-16,650838.585
2016-05-17,692297.232
2016-05-18,707385.95
2016-05-19,706583.408
2016-05-20,707601.689
2016-05-21,641344.714
2016-05-22,589691.238
2016-05-23,688905.12
2016-05-24,706604.309
2016-05-25,712517.096
2016-05-26,709833.502
2016-05-27,709426.086
2016-05-28,641484.124
2016-05-29,584034.921
2016-05-30,687161.189
2016-05-31,704587.279
2016-06-01,709821.213
2016-06-02,714223.82
2016-06-03,716319.971
2016-06-04,646944.397
2016-06-05,597053.3
2016-06-06,713229.237
2016-06-07,742877.039
2016-06-08,757700.186
2016-06-09,768283.205
2016-06-10,757204.213
2016-06-11,673474.394
2016-06-12,618100.688
2016-06-13,757302.953
2016-06-14,769256.56
2016-06-15,756149.223
2016-06-16,719361.642
2016-06-17,713638.415
2016-06-18,653385.417
2016-06-19,601705.707
2016-06-20,717719.773
2016-06-21,748639.036
2016-06-22,758119.967
2016-06-23,754454.312
2016-06-24,718649.229
2016-06-25,685908.782
2016-06-26,625080.91
2016-06-27,751353.712
2016-06-28,778861.467
2016-06-29,780388.228
2016-06-30,785078.65
2016-07-01,780837.638
2016-07-02,706129.917
2016-07-03,656564.101
2016-07-04,773366.894
2016-07-05,799505.67
2016-07-06,804016.097
2016-07-07,791608.63
2016-07-08,800680.755
2016-07-09,732130.485
2016-07-10,681645.652
2016-07-11,819684.185
2016-07-12,820246.74
2016-07-13,791222.123
2016-07-14,775029.946
2016-07-15,764830.789
2016-07-16,693162.532
2016-07-17,641482.386
2016-07-18,779960.407
2016-07-19,806888.322
2016-07-20,822375.658
2016-07-21,823543.175
2016-07-22,800629.932
2016-07-23,704385.142
2016-07-24,647520.055
2016-07-25,752032.203
2016-07-26,818352.397
2016-07-27,822449.75
2016-07-28,820121.774
2016-07-29,815377.908
2016-07-30,732718.3
2016-07-31,664770.94
2016-08-01,777384.598
2016-08-02,795394.433
2016-08-03,803662.631
2016-08-04,804104.371
2016-08-05,784604.624
2016-08-06,697986.2
2016-08-07,643890.722
2016-08-08,751791.103
2016-08-09,762030.919
2016-08-10,733011.752
2016-08-11,727538.224
2016-08-12,730090.998
2016-08-13,669486.783
2016-08-14,618083.966
2016-08-15,634293.631
2016-08-16,725863.746
2016-08-17,742268.85
2016-08-18,753826.937
2016-08-19,759782.417
2016-08-20,703791.583
2016-08-21,641309.798
2016-08-22,762760.617
2016-08-23,783001.233
2016-08-24,780686.398
2016-08-25,773709.221
2016-08-26,773725.147
2016-08-27,707641.549
2016-08-28,667416.359
2016-08-29,796215.291
2016-08-30,800502.558
2016-08-31,801022.91
2016-09-01,803389.649
2016-09-02,809913.744
2016-09-03,736925.654
2016-09-04,694795.32
2016-09-05,842846.51
2016-09-06,866776.887
2016-09-07,858146.014
2016-09-08,807734.766
2016-09-09,799280.135
2016-09-10,715186.71
2016-09-11,661045.075
2016-09-12,791191.528
2016-09-13,783754.966
2016-09-14,738149.671
2016-09-15,723970.41
2016-09-16,720649.983
2016-09-17,654478.968
2016-09-18,604760.487
2016-09-19,711885.025
2016-09-20,733659.067
2016-09-21,732473.375
2016-09-22,738113.746
2016-09-23,731463.797
2016-09-24,649254.897
2016-09-25,597556.409
2016-09-26,716854.246
2016-09-27,738751.337
2016-09-28,739398.371
2016-09-29,732205.833
2016-09-30,728244.707
2016-10-01,651121.153
2016-10-02,599357.533
2016-10-03,713722.319
2016-10-04,736563.205
2016-10-05,739209.623
2016-10-06,734532.619
2016-10-07,714661.239
2016-10-08,645857.154
2016-10-09,595450.276
2016-10-10,702192.053
2016-10-11,708551.978
2016-10-12,614952.398
2016-10-13,698269.323
2016-10-14,700725.5
2016-10-15,630819.619
2016-10-16,587220.739
2016-10-17,707123.678
2016-10-18,725283.946
2016-10-19,723832.962
2016-10-20,722614.729
2016-10-21,716440.745
2016-10-22,648315.218
2016-10-23,602822.429
2016-10-24,711498.925
2016-10-25,725039.13
2016-10-26,722845.864
2016-10-27,720293.62
2016-10-28,715101.758
2016-10-29,634760.631
2016-10-30,601760.466
2016-10-31,641173.28
2016-11-01,592700.95
2016-11-02,700034.861
2016-11-03,714618.903
2016-11-04,725239.796
2016-11-05,654135.048
2016-11-06,599781.048
2016-11-07,726988.501
2016-11-08,759834.872
2016-11-09,758837.182
2016-11-10,760570.145
2016-11-11,754886.367
2016-11-12,676028.351
2016-11-13,624556.818
2016-11-14,745517.292
2016-11-15,768876.712
2016-11-16,764875.128
2016-11-17,763284.774
2016-11-18,758921.427
2016-11-19,678258.742
2016-11-20,637187.678
2016-11-21,753839.724
2016-11-22,773927.367
2016-11-23,780114.325
2016-11-24,783884.245
2016-11-25,789820.774
2016-11-26,713319.307
2016-11-27,658685.061
2016-11-28,771003.798
2016-11-29,790572.445
2016-11-30,788671.898
2016-12-01,785876.617
2016-12-02,777112.039
2016-12-03,706542.519
2016-12-04,655254.736
2016-12-05,732588.135
2016-12-06,677358.021
2016-12-07,737830.564
2016-12-08,666087.206
2016-12-09,715348.606
2016-12-10,675950.2
2016-12-11,645628.368
2016-12-12,769010.839
2016-12-13,795442.136
2016-12-14,802700.25
2016-12-15,806790.24
2016-12-16,801241.44
2016-12-17,714042.418
2016-12-18,676308.34
2016-12-19,806323.246
2016-12-20,810406.693
2016-12-21,802393.776
2016-12-22,789108.615
2016-12-23,750541.415
2016-12-24,648853.885
2016-12-25,567295.699
2016-12-26,623100.605
2016-12-27,716949.53
2016-12-28,725000.592
2016-12-29,725599.158
2016-12-30,724521.677
2016-12-31,667164.602
2017-01-01,598777.485
2017-01-02,737399.953
2017-01-03,790181.976
2017-01-04,787400.021
2017-01-05,755093.902
2017-01-06,647771.64
2017-01-07,705200.674
2017-01-08,694080.263
2017-01-09,821910.33
2017-01-10,846224.728
2017-01-11,824245.639
2017-01-12,815386.868
2017-01-13,811110.239
2017-01-14,747715.593
2017-01-15,703889.662
2017-01-16,824373.113
2017-01-17,847797.77
2017-01-18,884984.52
2017-01-19,888001.932
2017-01-20,866315.684
2017-01-21,770045.766
2017-01-22,712918.725
2017-01-23,836812.562
2017-01-24,843533.481
2017-01-25,848770.002
2017-01-26,856403.657
2017-01-27,842428.081
2017-01-28,743673.98
2017-01-29,689587.651
2017-01-30,798149.713
2017-01-31,798037.782
2017-02-01,796445.506
2017-02-02,800036.205
2017-02-03,789355.647
2017-02-04,706102.119
2017-02-05,659565.875
2017-02-06,777153.624
2017-02-07,783937.826
2017-02-08,793018.604
2017-02-09,801543.878
2017-02-10,810352.774
2017-02-11,736084.836
2017-02-12,678862.766
2017-02-13,785841.799
2017-02-14,788796.954
2017-02-15,775997.157
2017-02-16,778586.428
2017-02-17,772198.016
2017-02-18,701068.722
2017-02-19,650002.868
2017-02-20,763104.063
2017-02-21,773555.684
2017-02-22,769927.659
2017-02-23,774783.049
2017-02-24,768733.485
2017-02-25,689257.508
2017-02-26,639555.818
2017-02-27,741530.72
2017-02-28,746053.565
2017-03-01,759946.768
2017-03-02,763569.898
2017-03-03,774329.746
2017-03-04,706427.594
2017-03-05,650806.971
2017-03-06,742278.676
2017-03-07,750454.903
2017-03-08,738763.446
2017-03-09,733773.192
2017-03-10,722061.344
2017-03-11,646815.723
2017-03-12,603914.043
2017-03-13,738362.394
2017-03-14,751881.092
2017-03-15,737002.077
2017-03-16,733165.208
2017-03-17,725396.333
2017-03-18,647495.696
2017-03-19,596769.468
2017-03-20,696202.895
2017-03-21,735184.495
2017-03-22,752498.769
2017-03-23,765141.794
2017-03-24,777112.401
2017-03-25,702109.452
2017-03-26,615279.047
2017-03-27,752452.857
2017-03-28,749190.56
2017-03-29,740480.155
2017-03-30,730169.661
2017-03-31,726136.892
2017-04-01,660366.042
2017-04-02,612970.34
2017-04-03,717886.98
2017-04-04,731511.346
2017-04-05,729483.28
2017-04-06,726582.898
2017-04-07,720099.808
2017-04-08,651738.634
2017-04-09,597656.302
2017-04-10,695538.758
2017-04-11,707219.894
2017-04-12,694467.17
2017-04-13,605880.528
2017-04-14,559752.619
2017-04-15,590162.907
2017-04-16,559525.843
2017-04-17,616373.08
2017-04-18,696190.048
2017-04-19,716827.223
2017-04-20,715778.602
2017-04-21,713856.583
2017-04-22,648300.654
2017-04-23,593441.183
2017-04-24,679709.918
2017-04-25,718206.582
2017-04-26,727071.917
2017-04-27,736488.013
2017-04-28,731294.805
2017-04-29,657607.178
2017-04-30,601945.005
2017-05-01,576647.958
2017-05-02,684555.249
2017-05-03,716650.525
2017-05-04,720216.639
2017-05-05,717887.944
2017-05-06,645258.772
2017-05-07,591291.214
2017-05-08,701838.514
2017-05-09,719220.916
2017-05-10,722357.998
2017-05-11,720311.77
2017-05-12,713437.711
2017-05-13,641735.646
2017-05-14,588756.865
2017-05-15,689107.047
2017-05-16,727065.784
2017-05-17,726868.807
2017-05-18,725202.736
2017-05-19,710927.215
2017-05-20,642947.328
2017-05-21,595144.19
2017-05-22,707215.908
2017-05-23,735713.079
2017-05-24,744762.226
2017-05-25,753708.067
2017-05-26,751802.485
2017-05-27,676432.459
2017-05-28,614285.606
2017-05-29,720317.959
2017-05-30,730950.193
2017-05-31,736466.626
2017-06-01,747518.87
2017-06-02,753609.124
2017-06-03,679426.673
2017-06-04,611001.936
2017-06-05,703309.683
2017-06-06,740130.509
2017-06-07,749355.998
2017-06-08,761866.923
2017-06-09,759329.608
2017-06-10,694435.316
2017-06-11,650192.062
2017-06-12,788982.005
2017-06-13,817984.82
2017-06-14,833791.039
2017-06-15,840938.662
2017-06-16,843222.117
2017-06-17,775071.419
2017-06-18,714249.156
2017-06-19,838636.414
2017-06-20,851662.309
2017-06-21,854595.14
2017-06-22,855949.555
2017-06-23,835352.735
2017-06-24,748147.739
2017-06-25,690609.154
2017-06-26,805439.019
2017-06-27,810662.661
2017-06-28,785930.599
2017-06-29,749639.349
2017-06-30,732881.027
2017-07-01,665287.066
2017-07-02,621685.663
2017-07-03,746866.343
2017-07-04,783170.813
2017-07-05,793964.362
2017-07-06,784389.237
2017-07-07,774032.849
2017-07-08,695057.396
2017-07-09,644495.83
2017-07-10,780556.382
2017-07-11,811274.869
2017-07-12,841963.111
2017-07-13,864108.624
2017-07-14,858571.269
2017-07-15,764624.451
2017-07-16,696716.06
2017-07-17,829407.742
2017-07-18,853182.301
2017-07-19,843294.513
2017-07-20,823513.511
2017-07-21,803777.579
2017-07-22,722232.749
2017-07-23,662966.167
2017-07-24,781909.147
2017-07-25,775633.496
2017-07-26,794953.654
2017-07-27,821649.128
2017-07-28,825860.618
2017-07-29,752296.225
2017-07-30,694030.592
2017-07-31,786533.772
2017-08-01,809483.41
2017-08-02,815805.124
2017-08-03,830503.29
2017-08-04,844863.393
2017-08-05,766691.996
2017-08-06,696275.799
2017-08-07,800407.779
2017-08-08,790770.479
2017-08-09,756459.917
2017-08-10,722882.422
2017-08-11,722937.075
2017-08-12,667734.597
2017-08-13,624358.656
2017-08-14,705119.924
2017-08-15,667476.848
2017-08-16,750783.924
2017-08-17,769223.326
2017-08-18,781714.003
2017-08-19,712994.524
2017-08-20,663334.377
2017-08-21,781801.298
2017-08-22,803185.833
2017-08-23,805156.019
2017-08-24,801839.414
2017-08-25,794656.486
2017-08-26,722123.643
2017-08-27,660169.139
2017-08-28,769338.138
2017-08-29,769062.605
2017-08-30,756948.043
2017-08-31,758167.555
2017-09-01,745637.679
2017-09-02,670569.574
2017-09-03,625267.091
2017-09-04,751839.982
2017-09-05,789340.76
2017-09-06,795949.088
2017-09-07,787398.911
2017-09-08,757985.149
2017-09-09,674350.616
2017-09-10,609041.459
2017-09-11,709090.262
2017-09-12,751786.559
2017-09-13,764653.17
2017-09-14,768171.308
2017-09-15,734716.881
2017-09-16,650104.944
2017-09-17,599304.06
2017-09-18,712364.514
2017-09-19,734767.262
2017-09-20,735501.297
2017-09-21,737581.238
2017-09-22,737987.102
2017-09-23,661606.811
2017-09-24,611771.695
2017-09-25,726403.86
2017-09-26,742539.212
2017-09-27,743372.807
2017-09-28,742938.183
2017-09-29,740245.271
2017-09-30,663770.14
2017-10-01,608897.77
2017-10-02,729774.425
2017-10-03,734087.171
2017-10-04,751873.178
2017-10-05,754739.627
2017-10-06,751310.87
2017-10-07,659217.858
2017-10-08,605654.988
2017-10-09,706351.406
2017-10-10,732202.404
2017-10-11,730089.89
2017-10-12,628211.176
2017-10-13,675209.676
2017-10-14,643437.968
2017-10-15,601044.997
2017-10-16,718351.947
2017-10-17,731643.127
2017-10-18,730292.911
2017-10-19,719557.673
2017-10-20,719103.852
2017-10-21,646738.804
2017-10-22,591488.872
2017-10-23,705183.881
2017-10-24,725529.056
2017-10-25,729923.941
2017-10-26,724883.635
2017-10-27,722316.144
2017-10-28,642175.793
2017-10-29,614270.002
2017-10-30,707167.017
2017-10-31,718185.313
2017-11-01,615921.655
2017-11-02,707921.111
2017-11-03,719459.192
2017-11-04,645817.412
2017-11-05,597686.629
2017-11-06,716972.599
2017-11-07,744822.203
2017-11-08,759905.745
2017-11-09,759861.963
2017-11-10,764532.188
2017-11-11,683015.399
2017-11-12,630568.913
2017-11-13,754680.556
2017-11-14,783837.983
2017-11-15,789164.992
2017-11-16,787289.911
2017-11-17,779087.427
2017-11-18,698082.147
2017-11-19,645371.4
2017-11-20,768722.248
2017-11-21,788658.495
2017-11-22,794652.02
2017-11-23,782339.118
2017-11-24,772036.18
2017-11-25,699834.74
2017-11-26,651682.382
2017-11-27,785800.132
2017-11-28,809687.538
2017-11-29,815675.267
2017-11-30,820643.977
2017-12-01,831437.788
2017-12-02,764719.224
2017-12-03,715939.553
2017-12-04,838132.678
2017-12-05,848162.295
2017-12-06,756360.395
2017-12-07,782686.007
2017-12-08,719496.923
2017-12-09,717690.506
2017-12-10,684898.749
2017-12-11,802343.752
2017-12-12,825186.982
2017-12-13,839031.423
2017-12-14,829227.426
2017-12-15,803118.403
2017-12-16,727264.645
2017-12-17,694705.763
2017-12-18,829576.999
2017-12-19,832816.687
2017-12-20,834761.96
2017-12-21,819406.557
2017-12-22,792960.353
2017-12-23,702851.367
2017-12-24,642910.063
2017-12-25,595600.77
2017-12-26,701435.719
2017-12-27,741629.025
2017-12-28,736357.873
2017-12-29,715140.213
2017-12-30,652290.283
2017-12-31,618260.273
2018-01-01,574637.329
2018-01-02,724549.044
2018-01-03,753204.111
2018-01-04,752386.801
2018-01-05,724096.688
2018-01-06,639705.663
2018-01-07,672064.65
2018-01-08,817299.975
2018-01-09,854745.17
2018-01-10,837804.956
2018-01-11,834709.714
2018-01-12,831785.061
2018-01-13,760638.523
2018-01-14,708621.619
2018-01-15,835104.116
2018-01-16,833389.158
2018-01-17,817515.175
2018-01-18,817603.332
2018-01-19,812552.434
2018-01-20,725927.312
2018-01-21,665342.898
2018-01-22,776934.361
2018-01-23,792215.662
2018-01-24,795267.689
2018-01-25,808307.013
2018-01-26,820239.28
2018-01-27,737558.974
2018-01-28,684397.914
2018-01-29,793986.634
2018-01-30,811803.938
2018-01-31,809902.19
2018-02-01,828993.869
2018-02-02,836715.01
2018-02-03,755609.56
2018-02-04,719531.244
2018-02-05,852377.942
2018-02-06,864736.056
2018-02-07,873750.902
2018-02-08,880070.875
2018-02-09,873284.436
2018-02-10,774761.864
2018-02-11,706770.018
2018-02-12,833332.266
2018-02-13,852668.027
2018-02-14,845115.172
2018-02-15,818989.989
2018-02-16,799331.13
2018-02-17,713847.709
2018-02-18,670069.44
2018-02-19,788774.86
2018-02-20,796993.212
2018-02-21,802817.854
2018-02-22,816409.034
2018-02-23,822010.418
2018-02-24,738315.463
2018-02-25,682057.541
2018-02-26,809186.41
2018-02-27,854244.166
2018-02-28,838163.754
2018-03-01,828808.564
2018-03-02,828422.246
2018-03-03,718198.115
2018-03-04,661692.431
2018-03-05,792157.92
2018-03-06,808969.759
2018-03-07,802365.201
2018-03-08,795959.464
2018-03-09,786754.305
2018-03-10,695131.877
2018-03-11,650662.602
2018-03-12,768123.415
2018-03-13,783569.196
2018-03-14,792974.586
2018-03-15,786821.055
2018-03-16,779143.3
2018-03-17,712298.48
2018-03-18,660909.128
2018-03-19,780044.318
2018-03-20,830948.036
2018-03-21,828243.998
2018-03-22,816801.037
2018-03-23,814750.421
2018-03-24,737438.894
2018-03-25,647149.7
2018-03-26,775540.539
2018-03-27,765765.21
2018-03-28,739889.331
2018-03-29,657909.112
2018-03-30,617090.812
2018-03-31,637005.171
2018-04-01,602215.316
2018-04-02,663779.182
2018-04-03,738282.352
2018-04-04,750807.118
2018-04-05,737613.924
2018-04-06,742671.803
2018-04-07,680415.86
2018-04-08,627282.051
2018-04-09,744284.834
2018-04-10,787841.799
2018-04-11,792550.109
2018-04-12,782939.381
2018-04-13,777829.895
2018-04-14,684509.766
2018-04-15,629483.731
2018-04-16,739318.027
2018-04-17,739507.766
2018-04-18,729297.495
2018-04-19,720948.439
2018-04-20,716005.351
2018-04-21,646179.568
2018-04-22,595070.256
2018-04-23,691149.408
2018-04-24,717381.862
2018-04-25,724557.315
2018-04-26,720400.383
2018-04-27,715248.92
2018-04-28,640817.164
2018-04-29,592217.889
2018-04-30,657472.785
2018-05-01,595259.428
2018-05-02,696770.116
2018-05-03,726983.455
2018-05-04,727900.647
2018-05-05,652250.936
2018-05-06,594583.971
2018-05-07,705703.787
2018-05-08,722719.01
2018-05-09,721928.421
2018-05-10,721917.234
2018-05-11,717399.401
2018-05-12,646620.272
2018-05-13,596053.825
2018-05-14,702287.808
2018-05-15,712356.306
2018-05-16,723164.325
2018-05-17,719349.822
2018-05-18,716461.42
2018-05-19,645615.139
2018-05-20,592734.99
2018-05-21,689203.833
2018-05-22,717857.076
2018-05-23,727970.062
2018-05-24,728576.654
2018-05-25,722239.63
2018-05-26,644830.27
2018-05-27,591743.016
2018-05-28,702764.869
2018-05-29,719285.425
2018-05-30,714527.196
2018-05-31,711261.98
2018-06-01,709531.19
2018-06-02,639545.367
2018-06-03,585011.121
2018-06-04,700225.761
2018-06-05,720420.592
2018-06-06,718515.12
2018-06-07,717194.956
2018-06-08,718521.762
2018-06-09,645004.56
2018-06-10,594316.025
2018-06-11,708892.089
2018-06-12,730828.24
2018-06-13,737636.219
2018-06-14,738226.291
2018-06-15,737410.634
2018-06-16,672512.37
2018-06-17,623648.886
2018-06-18,744574.912
2018-06-19,768735.621
2018-06-20,781677.864
2018-06-21,790763.917
2018-06-22,792862.116
2018-06-23,714070.971
2018-06-24,656341.812
2018-06-25,782993.168
2018-06-26,803400.563
2018-06-27,802356.746
2018-06-28,793182.687
2018-06-29,778647.068
2018-06-30,706077.789
2018-07-01,647045.444
2018-07-02,762834.05
2018-07-03,793136.627
2018-07-04,788164.606
2018-07-05,784170.96
2018-07-06,781892.96
2018-07-07,708618.684
2018-07-08,655055.667
2018-07-09,800602.771
2018-07-10,822681.663
2018-07-11,816712.461
2018-07-12,808184.004
2018-07-13,801059.532
2018-07-14,717272.175
2018-07-15,652824.574
2018-07-16,770533.011
2018-07-17,800350.741
2018-07-18,809583.593
2018-07-19,811532.012
2018-07-20,801551.616
2018-07-21,705939.811
2018-07-22,642233.688
2018-07-23,783084.655
2018-07-24,809659.769
2018-07-25,800798.389
2018-07-26,809234.407
2018-07-27,805064.29
2018-07-28,723725.986
2018-07-29,662113.405
2018-07-30,782765.406
2018-07-31,803371.281
2018-08-01,829902.512
2018-08-02,849473.769
2018-08-03,858593.632
2018-08-04,768551.915
2018-08-05,710960.473
2018-08-06,832313.622
2018-08-07,836089.347
2018-08-08,815836.925
2018-08-09,791067.023
2018-08-10,767196.313
2018-08-11,709368.422
2018-08-12,667332.016
2018-08-13,748050.993
2018-08-14,747596.502
2018-08-15,668157.849
2018-08-16,729296.235
2018-08-17,718847.708
2018-08-18,659031.979
2018-08-19,624764.023
2018-08-20,739507.261
2018-08-21,768257.01
2018-08-22,778103.399
2018-08-23,777965.294
2018-08-24,773349.415
2018-08-25,697144.8
2018-08-26,643379.539
2018-08-27,782718.8
2018-08-28,810448.212
2018-08-29,806294.371
2018-08-30,803963.921
2018-08-31,796365.517
2018-09-01,715322.145
2018-09-02,670590.343
2018-09-03,790769.944
2018-09-04,800273.143
2018-09-05,793541.365
2018-09-06,778613.244
2018-09-07,763965.091
2018-09-08,669149.755
2018-09-09,619852.256
2018-09-10,725662.617
2018-09-11,734621.067
2018-09-12,778177.832
2018-09-13,784509.329
2018-09-14,778201.265
2018-09-15,684200.136
2018-09-16,632403.926
2018-09-17,759809.502
2018-09-18,777704.848
2018-09-19,784461.48
2018-09-20,790751.691
2018-09-21,784512.84
2018-09-22,705950.057
2018-09-23,654538.386
2018-09-24,776098.777
2018-09-25,783307.403
2018-09-26,776593.29
2018-09-27,765194.306
2018-09-28,755478.782
2018-09-29,670903.495
2018-09-30,617464.211
2018-10-01,733629.113
2018-10-02,736946.907
2018-10-03,740193.367
2018-10-04,742064.884
2018-10-05,731108.037
2018-10-06,656265.341
2018-10-07,603979.963
2018-10-08,700562.8
2018-10-09,706803.991
2018-10-10,721067.357
2018-10-11,720238.147
2018-10-12,620435.411
2018-10-13,622562.842
2018-10-14,596303.089
2018-10-15,696558.778
2018-10-16,716388.299
2018-10-17,723752.124
2018-10-18,724444.85
2018-10-19,715107.265
2018-10-20,639515.312
2018-10-21,593179.455
2018-10-22,701055.332
2018-10-23,717889.261
2018-10-24,717282.709
2018-10-25,715267.861
2018-10-26,716585.374
2018-10-27,646604.888
2018-10-28,630999.672
2018-10-29,744335.779
2018-10-30,776331.825
2018-10-31,772179.197
2018-11-01,657040.183
2018-11-02,698895.934
2018-11-03,661353.336
2018-11-04,629521.381
2018-11-05,755615.208
2018-11-06,776755.251
2018-11-07,775756.514
2018-11-08,777488.075
2018-11-09,764551.895
2018-11-10,685487.65
2018-11-11,628671.308
2018-11-12,743600.436
2018-11-13,753421.129
2018-11-14,752414.487
2018-11-15,750390.626
2018-11-16,745386.462
2018-11-17,667009.484
2018-11-18,631308.683
2018-11-19,750865.393
2018-11-20,776247.365
2018-11-21,781660.504
2018-11-22,787440.373
2018-11-23,781396.692
2018-11-24,703454.736
2018-11-25,656292.766
2018-11-26,779621.428
2018-11-27,796219.383
2018-11-28,797684.88
2018-11-29,800277.925
2018-11-30,788560.916
2018-12-01,709867.704
2018-12-02,658914.812
2018-12-03,767969.28
2018-12-04,774493.273
2018-12-05,770700.385
2018-12-06,676366.83
2018-12-07,707326.878
2018-12-08,660856.189
2018-12-09,642487.243
2018-12-10,767366.141
2018-12-11,792463.684
2018-12-12,800931.996
2018-12-13,811190.674
2018-12-14,800807.102
2018-12-15,720296.453
2018-12-16,675981.479
2018-12-17,798875.276
2018-12-18,822742.049
2018-12-19,806392.973
2018-12-20,796738.086
2018-12-21,772837.898
2018-12-22,689265.354
2018-12-23,648505.967
2018-12-24,647899.273
2018-12-25,567423.103
2018-12-26,672883.725
2018-12-27,721456.089
2018-12-28,722356.607
2018-12-29,674033.359
2018-12-30,638506.177
2018-12-31,655175.237
2019-01-01,582949.806
2019-01-02,742199.407
2019-01-03,787764.963
2019-01-04,796010.035
2019-01-05,721029.651
2019-01-06,661772.168
2019-01-07,764920.771
2019-01-08,844559.085
2019-01-09,846151.453
2019-01-10,857323.124
2019-01-11,867181.886
2019-01-12,775170.712
2019-01-13,722271.171
2019-01-14,835752.36
2019-01-15,846245.527
2019-01-16,847911.818
2019-01-17,849875.833
2019-01-18,848781.942
2019-01-19,766537.72
2019-01-20,705583.355
2019-01-21,828406.838
2019-01-22,864855.303
2019-01-23,854462.174
2019-01-24,837075.708
2019-01-25,815349.834
2019-01-26,724205.323
2019-01-27,678249.362
2019-01-28,807644.379
2019-01-29,832616.612
2019-01-30,829785.386
2019-01-31,823510.841
2019-02-01,811408.357
2019-02-02,739149.442
2019-02-03,696029.792
2019-02-04,827865.952
2019-02-05,826264.446
2019-02-06,813527.159
2019-02-07,805445.154
2019-02-08,799019.676
2019-02-09,719403.839
2019-02-10,672445.604
2019-02-11,781692.422
2019-02-12,799138.409
2019-02-13,797839.046
2019-02-14,794299.138
2019-02-15,790637.803
2019-02-16,706487.416
2019-02-17,656688.443
2019-02-18,779646.845
2019-02-19,789997.493
2019-02-20,785631.268
2019-02-21,781135.556
2019-02-22,771083.106
2019-02-23,689175.82
2019-02-24,637452.604
2019-02-25,750831.906
2019-02-26,759697.475
2019-02-27,756324.91
2019-02-28,742210.124
2019-03-01,747742.259
2019-03-02,670242.996
2019-03-03,621445.195
2019-03-04,729814.28
2019-03-05,745164.11
2019-03-06,767457.592
2019-03-07,758178.303
2019-03-08,748568.791
2019-03-09,671315.341
2019-03-10,617758.559
2019-03-11,726454.288
2019-03-12,743155.047
2019-03-13,753372.783
2019-03-14,753975.948
2019-03-15,738753.829
2019-03-16,660072.282
2019-03-17,610229.793
2019-03-18,708116.389
2019-03-19,707250.357
2019-03-20,755634.542
2019-03-21,758931.722
2019-03-22,749138.108
2019-03-23,669633.017
2019-03-24,611819.827
2019-03-25,717073.819
2019-03-26,732395.045
2019-03-27,735314.342
2019-03-28,736120.156
2019-03-29,733687.593
2019-03-30,661273.331
2019-03-31,595455.992
2019-04-01,728854.039
2019-04-02,740720.312
2019-04-03,743726.231
2019-04-04,746532.132
2019-04-05,758884.449
2019-04-06,683345.822
2019-04-07,635743.258
2019-04-08,745947.421
2019-04-09,762514.952
2019-04-10,759373.018
2019-04-11,754593.577
2019-04-12,737503.833
2019-04-13,658751.444
2019-04-14,606715.171
2019-04-15,705651.944
2019-04-16,712912.968
2019-04-17,706896.182
2019-04-18,633645.163
2019-04-19,584929.31
2019-04-20,598281.137
2019-04-21,575850.979
2019-04-22,622892.917
2019-04-23,691440.392
2019-04-24,737862.824
2019-04-25,739947.966
2019-04-26,722351.575
2019-04-27,641476.76
2019-04-28,580034.58
2019-04-29,681641.153
2019-04-30,693188.14
2019-05-01,588783.574
2019-05-02,674320.005
2019-05-03,696474.728
2019-05-04,634765.62
2019-05-05,585505.022
2019-05-06,691903.437
2019-05-07,715282.519
2019-05-08,720383.459
2019-05-09,719680.488
2019-05-10,714705.845
2019-05-11,642893.955
2019-05-12,589066.207
2019-05-13,693194.342
2019-05-14,716085.91
2019-05-15,714403.802
2019-05-16,723608.482
2019-05-17,708065.687
2019-05-18,633581.663
2019-05-19,588760.853
2019-05-20,693266.151
2019-05-21,712267.526
2019-05-22,720423.021
2019-05-23,721032.652
2019-05-24,717689.342
2019-05-25,641713.37
2019-05-26,586295.917
2019-05-27,703430.222
2019-05-28,723789.614
2019-05-29,722528.761
2019-05-30,719643.509
2019-05-31,720746.446
2019-06-01,657113.804
2019-06-02,610135.227
2019-06-03,727199.819
2019-06-04,743803.929
2019-06-05,728013.427
2019-06-06,718987.495
2019-06-07,716146.113
2019-06-08,649114.105
2019-06-09,598266.091
2019-06-10,692985.625
2019-06-11,717613.036
2019-06-12,721685.017
2019-06-13,725139.71
2019-06-14,720698.739
2019-06-15,649826.641
2019-06-16,600853.162
2019-06-17,714625.455
2019-06-18,736896.725
2019-06-19,741912.133
2019-06-20,735488.271
2019-06-21,732798.844
2019-06-22,672993.652
2019-06-23,623379.646
2019-06-24,688002.526
2019-06-25,765220.281
2019-06-26,792832.45
2019-06-27,807875.011
2019-06-28,821152.543
2019-06-29,751724.535
2019-06-30,696474.637
2019-07-01,805062.314
2019-07-02,817750.686
2019-07-03,814766.368
2019-07-04,813934.525
2019-07-05,816024.974
2019-07-06,738401.275
2019-07-07,686379.684
2019-07-08,783297.789
2019-07-09,782095.233
2019-07-10,792718.173
2019-07-11,821250.349
2019-07-12,828876.825
2019-07-13,739065.225
2019-07-14,667289.338
2019-07-15,796026.561
2019-07-16,810257.077
2019-07-17,805414.836
2019-07-18,808118.682
2019-07-19,818254.951
2019-07-20,744167.851
2019-07-21,691903.017
2019-07-22,836080.36
2019-07-23,857696.956
2019-07-24,860191.27
2019-07-25,835226.076
2019-07-26,809646.945
2019-07-27,705760.649
2019-07-28,639052.413
2019-07-29,759984.776
2019-07-30,773820.297
2019-07-31,765475.695
2019-08-01,789334.274
2019-08-02,784389.389
2019-08-03,706068.784
2019-08-04,659374.462
2019-08-05,772347.5
2019-08-06,793044.82
2019-08-07,787712.421
2019-08-08,795638.987
2019-08-09,795454.697
2019-08-10,716321.021
2019-08-11,651892.626
2019-08-12,712385.398
2019-08-13,713398.323
2019-08-14,722738.208
2019-08-15,661417.317
2019-08-16,715896.427
2019-08-17,692638.36
2019-08-18,652155.441
2019-08-19,750065.106
2019-08-20,750474.293
2019-08-21,743508.569
2019-08-22,746785.396
2019-08-23,746320.647
2019-08-24,685685.967
2019-08-25,640382.6
2019-08-26,753002.18
2019-08-27,748334.103
2019-08-28,759403.981
2019-08-29,778170.266
2019-08-30,782463.034
2019-08-31,704124.582
2019-09-01,658275.465
2019-09-02,772035.659
2019-09-03,796492.504
2019-09-04,802739.777
2019-09-05,785233.792
2019-09-06,759835.407
2019-09-07,677237.25
2019-09-08,625559.392
2019-09-09,725543.137
2019-09-10,731011.426
2019-09-11,699252.213
2019-09-12,720175.206
2019-09-13,710999.404
2019-09-14,639594.83
2019-09-15,600804.651
2019-09-16,722110.774
2019-09-17,745327.536
2019-09-18,749439.31
2019-09-19,750409.372
2019-09-20,742546.066
2019-09-21,662313.73
2019-09-22,606999.498
2019-09-23,708014.904
2019-09-24,727730.253
2019-09-25,738028.712
2019-09-26,739145.522
2019-09-27,734426.657
2019-09-28,653673.494
2019-09-29,597643.634
2019-09-30,715112.43
2019-10-01,741441.646
2019-10-02,733752.221
2019-10-03,722404.634
2019-10-04,719060.66
2019-10-05,639966.26
2019-10-06,595822.23
2019-10-07,706811.27
2019-10-08,729654.451
2019-10-09,718306.304
2019-10-10,725766.274
2019-10-11,717342.224
2019-10-12,624559.893
2019-10-13,591908.756
2019-10-14,708972.391
2019-10-15,707947.469
2019-10-16,711483.129
2019-10-17,712870.909
2019-10-18,702013.343
2019-10-19,638521.461
2019-10-20,590245.061
2019-10-21,698011.851
2019-10-22,728673.757
2019-10-23,731462.329
2019-10-24,729548.927
2019-10-25,721004.715
2019-10-26,639527.818
2019-10-27,617897.851
2019-10-28,705517.424
2019-10-29,720759.167
2019-10-30,716813.201
2019-10-31,706779.544
2019-11-01,610338.583
2019-11-02,613091.302
2019-11-03,585745.923
2019-11-04,701349.067
2019-11-05,723921.225
2019-11-06,726803.046
2019-11-07,738904.63
2019-11-08,747095.1
2019-11-09,674799.054
2019-11-10,628624.931
2019-11-11,757559.515
2019-11-12,773524.257
2019-11-13,776833.483
2019-11-14,794537.245
2019-11-15,794400.091
2019-11-16,712515.929
2019-11-17,673216.611
2019-11-18,784186.573
2019-11-19,810154.106
2019-11-20,821576.303
2019-11-21,815715.186
2019-11-22,812859.646
2019-11-23,706596.572
2019-11-24,657967.591
2019-11-25,774027.534
2019-11-26,785754.366
2019-11-27,774548.693
2019-11-28,776056.195
2019-11-29,758247.169
2019-11-30,686811.005
2019-12-01,649030.819
2019-12-02,776156.953
2019-12-03,794071.443
2019-12-04,802721.404
2019-12-05,797187.595
2019-12-06,687010.235
2019-12-07,677745.106
2019-12-08,653010.122
2019-12-09,731497.032
2019-12-10,794421.564
2019-12-11,810110.768
2019-12-12,825121.76
2019-12-13,793677.004
2019-12-14,703955.843
2019-12-15,660219.604
2019-12-16,780295.07
2019-12-17,786945.087
2019-12-18,792257.443
2019-12-19,793728.479
2019-12-20,757483.61
2019-12-21,666815.843
2019-12-22,621188.286
2019-12-23,675581.844
2019-12-24,622147.62
2019-12-25,541452.518
2019-12-26,632220.615
2019-12-27,674150.472
2019-12-28,646963.129
2019-12-29,617265.192
2019-12-30,689973.969
2019-12-31,656514.303
2020-01-01,574776.72
2020-01-02,723522.375
2020-01-03,754645.342
2020-01-04,702390.878
2020-01-05,651967.486
2020-01-06,630259.532
2020-01-07,789031.621
2020-01-08,820143.678
2020-01-09,820769.614
2020-01-10,814759.827
2020-01-11,732531.725
2020-01-12,693449.101
2020-01-13,829157.906
2020-01-14,844416.079
2020-01-15,832910.293
2020-01-16,822827.255
2020-01-17,807653.787
2020-01-18,729673.024
2020-01-19,689820.886
2020-01-20,846106.888
2020-01-21,862132.604
2020-01-22,841706.187
2020-01-23,829427.103
2020-01-24,821136.183
2020-01-25,734265.345
2020-01-26,676369.262
2020-01-27,807615.701
2020-01-28,807001.677
2020-01-29,792162.501
2020-01-30,778203.546
2020-01-31,765448.598
2020-02-01,681471.943
2020-02-02,625016.468
2020-02-03,729329.082
2020-02-04,747892.827
2020-02-05,758987.788
2020-02-06,769754.643
2020-02-07,772488.589
2020-02-08,698199.59
2020-02-09,646787.156
2020-02-10,749504.414
2020-02-11,761008.347
2020-02-12,766558.356
2020-02-13,759532.177
2020-02-14,753954.141
2020-02-15,675832.097
2020-02-16,625453.407
2020-02-17,739797.699
2020-02-18,766371.869
2020-02-19,764941.248
2020-02-20,763651.659
2020-02-21,753744.734
2020-02-22,672072.47
2020-02-23,620872.08
2020-02-24,730827.761
2020-02-25,743820.753
2020-02-26,753405.313
2020-02-27,751137.432
2020-02-28,728292.593
2020-02-29,670263.321
2020-03-01,626873.694
2020-03-02,741296.331
2020-03-03,769321.188
2020-03-04,759058.244
2020-03-05,754365.164
2020-03-06,757995.483
2020-03-07,683532.439
2020-03-08,630442.877
2020-03-09,740417.533
2020-03-10,747566.521
2020-03-11,742561.392
2020-03-12,738088.907
2020-03-13,729774.542
2020-03-14,646497.547
2020-03-15,600435.811
2020-03-16,704124.264
2020-03-17,706050.583
2020-03-18,684799.07
2020-03-19,641992.028
2020-03-20,647058.248
2020-03-21,612492.101
2020-03-22,583510.909
2020-03-23,653558.582
2020-03-24,663819.764
2020-03-25,664643.791
2020-03-26,661338.324
2020-03-27,667335.755
2020-03-28,605617.221
2020-03-29,540515.04
2020-03-30,610996.075
2020-03-31,610653.934
2020-04-01,599875.958
2020-04-02,599323.162
2020-04-03,584683.694
2020-04-04,542996.041
2020-04-05,519594.376
2020-04-06,568143.84
2020-04-07,567082.621
2020-04-08,555027.089
2020-04-09,529824.736
2020-04-10,510435.49
2020-04-11,518229.908
2020-04-12,501615.48
2020-04-13,537818.991
2020-04-14,584017.243
2020-04-15,604347.185
2020-04-16,604521.525
2020-04-17,598697.568
2020-04-18,552914.776
2020-04-19,520123.268
2020-04-20,585331.059
2020-04-21,608880.705
2020-04-22,608023.375
2020-04-23,599598.011
2020-04-24,594661.984
2020-04-25,556038.735
2020-04-26,522374.953
2020-04-27,590579.965
2020-04-28,601203.105
2020-04-29,600234.68
2020-04-30,594712.471
2020-05-01,525344.189
2020-05-02,529331.136
2020-05-03,509365.967
2020-05-04,585884.404
2020-05-05,607115.027
2020-05-06,610199.36
2020-05-07,604624.142
2020-05-08,597179.788
2020-05-09,547084.706
2020-05-10,513399.456
2020-05-11,591350.652
2020-05-12,617479.021
2020-05-13,617401.116
2020-05-14,620557.901
2020-05-15,608952.25
2020-05-16,555670.934
2020-05-17,519597.946
2020-05-18,596670.207
2020-05-19,615052.604
2020-05-20,622450.073
2020-05-21,630168.002
2020-05-22,634355.264
2020-05-23,582895.641
2020-05-24,542170.641
2020-05-25,627466.111
2020-05-26,642990.536
2020-05-27,644707.726
2020-05-28,642005.868
2020-05-29,641570.31
2020-05-30,583380.433
2020-05-31,541662.429
2020-06-01,627334.741
2020-06-02,653396.5
2020-06-03,662452.407
2020-06-04,651301.681
2020-06-05,640912.088
2020-06-06,582674.188
2020-06-07,540393.818
2020-06-08,625763.383
2020-06-09,643604.721
2020-06-10,653728.489
2020-06-11,653624.408
2020-06-12,645918.049
2020-06-13,581088.713
2020-06-14,543304.621
2020-06-15,644001.077
2020-06-16,656823.463
2020-06-17,661145.578
2020-06-18,662011.432
2020-06-19,657676.183
2020-06-20,608254.976
2020-06-21,572807.006
2020-06-22,682963.291
2020-06-23,706613.83
2020-06-24,668203.326
2020-06-25,711838.827
2020-06-26,702221.428
2020-06-27,638125.491
2020-06-28,604144.564
2020-06-29,723951.102
2020-06-30,752302.735
2020-07-01,763359.011
2020-07-02,765790.102
2020-07-03,735357.247
2020-07-04,660713.186
2020-07-05,626327.165
2020-07-06,757299.096
2020-07-07,780525.085
2020-07-08,784566.99
2020-07-09,771125.891
2020-07-10,758878.105
2020-07-11,690697.734
2020-07-12,633135.072
2020-07-13,752649.491
2020-07-14,760459.038
2020-07-15,756753.738
2020-07-16,763067.312
2020-07-17,760177.205
2020-07-18,688716.516
2020-07-19,644522.223
2020-07-20,769330.38
2020-07-21,785563.684
2020-07-22,776667.953
2020-07-23,789634.51
2020-07-24,789089.65
2020-07-25,704273.245
2020-07-26,664179.618
2020-07-27,794291.764
2020-07-28,814337.543
2020-07-29,817487.547
2020-07-30,825275.946
2020-07-31,810169.058
2020-08-01,738269.153
2020-08-02,673895.707
2020-08-03,747511.864
2020-08-04,751123.76
2020-08-05,764126.717
2020-08-06,776466.924
2020-08-07,775393.905
2020-08-08,700782.169
2020-08-09,657269.503
2020-08-10,738068.961
2020-08-11,734500.01
2020-08-12,712418.386
2020-08-13,716219.241
2020-08-14,710586.003
2020-08-15,631293.617
2020-08-16,591662.6
2020-08-17,683923.907
2020-08-18,708888.916
2020-08-19,725675.863
2020-08-20,729676.986
2020-08-21,739080.574
2020-08-22,676812.548
2020-08-23,625384.861
2020-08-24,733320.649
2020-08-25,772384.724
2020-08-26,791658.289
2020-08-27,797890.754
2020-08-28,773438.841
2020-08-29,635866.109
2020-08-30,572310.898
2020-08-31,679208.909
2020-09-01,700209.044
2020-09-02,711095.786
2020-09-03,719005.12
2020-09-04,724580.748
2020-09-05,653584.402
2020-09-06,604081.335
2020-09-07,696258.312
2020-09-08,698100.318
2020-09-09,718084.935
2020-09-10,721372.797
2020-09-11,698312.958
2020-09-12,649165.551
2020-09-13,605491.558
2020-09-14,718980.488
2020-09-15,740288.273
2020-09-16,751556.717
2020-09-17,740760.783
2020-09-18,713829.456
2020-09-19,627328.408
2020-09-20,574171.087
2020-09-21,683416.711
2020-09-22,703840.984
2020-09-23,712811.873
2020-09-24,712997.199
2020-09-25,691789.689
2020-09-26,614309.972
2020-09-27,568766.565
2020-09-28,666559.06
2020-09-29,686797.043
2020-09-30,690962.671
2020-10-01,700916.732
2020-10-02,698403.756
2020-10-03,612169.05
2020-10-04,571636.922
2020-10-05,673482.22
2020-10-06,690894.896
2020-10-07,699613.798
2020-10-08,699215.554
2020-10-09,679813.517
2020-10-10,614331.962
2020-10-11,563490.862
2020-10-12,570701.026
2020-10-13,673784.687
2020-10-14,703005.757
2020-10-15,709578.141
2020-10-16,704019.681
2020-10-17,631928.375
2020-10-18,583351.177
2020-10-19,687152.413
2020-10-20,711714.9
2020-10-21,707162.568
2020-10-22,710357.203
2020-10-23,696843.426
2020-10-24,625382.417
2020-10-25,606307.969
2020-10-26,689553.095
2020-10-27,714662.582
2020-10-28,715705.336
2020-10-29,715284.16
2020-10-30,704726.127
2020-10-31,628294.896
2020-11-01,575075.028
2020-11-02,647094.468
2020-11-03,706154.584
2020-11-04,728814.878
2020-11-05,724766.756
2020-11-06,710624.719
2020-11-07,635069.873
2020-11-08,585653.269
2020-11-09,688061.521
2020-11-10,711586.135
2020-11-11,718173.294
2020-11-12,717880.631
2020-11-13,713264.969
2020-11-14,641465.596
2020-11-15,585947.032
2020-11-16,693236.68
2020-11-17,712862.51
2020-11-18,718214.566
2020-11-19,718299.945
2020-11-20,716666.871
2020-11-21,645094.568
2020-11-22,605990.942
2020-11-23,728188.952
2020-11-24,757498.853
2020-11-25,765268.18
2020-11-26,766690.677
2020-11-27,751489.82
2020-11-28,667627.721
2020-11-29,624731.773
2020-11-30,737071.712
2020-12-01,753620.849
2020-12-02,768634.956
2020-12-03,784315.168
2020-12-04,790382.104
2020-12-05,723627.58
2020-12-06,676303.0
2020-12-07,712656.602
2020-12-08,693433.293
2020-12-09,804018.806
2020-12-10,807771.695
2020-12-11,783766.293
2020-12-12,686510.161
2020-12-13,644286.586
2020-12-14,759517.717
2020-12-15,766794.634
2020-12-16,780348.751
2020-12-17,778470.844
2020-12-18,776174.524
2020-12-19,697945.808
2020-12-20,646840.581
2020-12-21,750406.82
2020-12-22,750081.066
2020-12-23,727706.624
2020-12-24,643648.623
2020-12-25,570771.924
2020-12-26,635755.792
2020-12-27,646699.546
2020-12-28,724357.078
2020-12-29,732115.459
2020-12-30,734283.124
2020-12-31,687715.588
2021-01-01,608715.931
2021-01-02,680432.407
2021-01-03,684489.215
2021-01-04,793625.993
2021-01-05,806588.156
2021-01-06,700144.564
2021-01-07,854323.166
2021-01-08,872357.353
2021-01-09,773296.979
2021-01-10,735647.962
2021-01-11,851740.825
2021-01-12,875118.684
2021-01-13,874914.272
2021-01-14,873577.23
2021-01-15,859355.795
2021-01-16,765002.342
2021-01-17,708974.301
2021-01-18,827619.581
2021-01-19,846116.609
2021-01-20,850299.079
2021-01-21,817647.661
2021-01-22,794514.658
2021-01-23,719510.829
2021-01-24,655028.547
2021-01-25,775155.263
2021-01-26,770796.102
2021-01-27,753321.62
2021-01-28,744101.186
2021-01-29,733183.947
2021-01-30,672206.563
2021-01-31,631678.074
2021-02-01,725308.41
2021-02-02,742016.165
2021-02-03,744032.692
2021-02-04,742410.917
2021-02-05,742180.511
2021-02-06,673202.889
2021-02-07,635184.428
2021-02-08,757811.118
2021-02-09,789357.66
2021-02-10,767889.956
2021-02-11,757949.224
2021-02-12,744944.86
2021-02-13,664031.439
2021-02-14,627377.64
2021-02-15,743811.335
2021-02-16,751446.91
2021-02-17,752695.056
2021-02-18,754962.027
2021-02-19,749031.191
2021-02-20,667785.4
2021-02-21,636820.402
2021-02-22,743317.962
2021-02-23,750925.914
2021-02-24,747390.312
2021-02-25,744810.272
2021-02-26,740017.479
2021-02-27,664275.565
2021-02-28,621167.542
2021-03-01,730802.101
2021-03-02,749835.836
2021-03-03,744167.225
2021-03-04,740268.037
2021-03-05,735724.58
2021-03-06,658451.851
2021-03-07,622685.66
2021-03-08,742936.38
2021-03-09,758352.519
2021-03-10,750796.647
2021-03-11,739481.269
2021-03-12,729092.448
2021-03-13,646301.497
2021-03-14,606540.412
2021-03-15,719293.522
2021-03-16,732005.026
2021-03-17,729775.728
2021-03-18,741473.221
2021-03-19,706043.651
2021-03-20,670497.641
2021-03-21,630102.703
2021-03-22,735080.366
2021-03-23,739437.425
2021-03-24,731621.692
2021-03-25,726346.417
2021-03-26,719331.777
2021-03-27,648466.535
2021-03-28,571635.074
2021-03-29,691559.272
2021-03-30,695256.722
2021-03-31,679687.653
2021-04-01,603780.936
2021-04-02,558137.662
2021-04-03,577877.662
2021-04-04,551346.366
2021-04-05,604043.925
2021-04-06,678937.062
2021-04-07,706832.348
2021-04-08,711274.992
2021-04-09,713789.777
2021-04-10,641313.52
2021-04-11,594071.686
2021-04-12,692941.728
2021-04-13,717396.928
2021-04-14,716654.185
2021-04-15,722238.709
2021-04-16,713583.273
2021-04-17,642865.34
2021-04-18,593293.117
2021-04-19,697833.818
2021-04-20,709788.735
2021-04-21,710848.815
2021-04-22,713242.666
2021-04-23,685398.678
2021-04-24,620321.236
2021-04-25,584849.257
2021-04-26,689249.537
2021-04-27,703092.56
2021-04-28,698342.061
2021-04-29,697918.72
2021-04-30,688956.526
2021-05-01,577472.256
2021-05-02,559173.805
2021-05-03,667365.198
2021-05-04,689998.019
2021-05-05,690651.1
2021-05-06,689028.329
2021-05-07,681399.427
2021-05-08,612800.041
2021-05-09,573950.672
2021-05-10,672517.486
2021-05-11,690260.839
2021-05-12,696396.062
2021-05-13,695282.254
2021-05-14,688397.416
2021-05-15,622863.597
2021-05-16,580577.79
2021-05-17,668878.06
2021-05-18,696787.021
2021-05-19,698169.314
2021-05-20,697758.698
2021-05-21,691966.356
2021-05-22,621633.202
2021-05-23,574180.28
2021-05-24,659025.584
2021-05-25,687452.59
2021-05-26,692338.143
2021-05-27,694593.137
2021-05-28,687217.66
2021-05-29,625581.869
2021-05-30,579605.519
2021-05-31,683327.24
2021-06-01,696048.627
2021-06-02,700505.017
2021-06-03,698600.649
2021-06-04,692965.661
2021-06-05,622988.965
2021-06-06,576739.713
2021-06-07,687687.127
2021-06-08,719311.181
2021-06-09,727998.479
2021-06-10,739161.249
2021-06-11,732773.334
2021-06-12,663407.333
2021-06-13,616205.06
2021-06-14,737903.439
2021-06-15,759440.415
2021-06-16,755302.693
2021-06-17,732968.196
2021-06-18,720620.28
2021-06-19,646908.276
2021-06-20,594444.33
2021-06-21,695310.81
2021-06-22,710395.742
2021-06-23,701339.201
2021-06-24,667378.472
2021-06-25,694493.443
2021-06-26,651121.08
2021-06-27,606935.474
2021-06-28,706509.225
2021-06-29,727913.028
2021-06-30,744980.042
2021-07-01,745646.823
2021-07-02,751071.94
2021-07-03,686746.086
2021-07-04,645197.787
2021-07-05,756482.667
2021-07-06,765521.607
2021-07-07,749498.243
2021-07-08,743139.951
2021-07-09,749361.516
2021-07-10,698499.464
2021-07-11,662579.088
2021-07-12,763113.617
2021-07-13,739886.353
2021-07-14,742631.422
2021-07-15,749381.936
2021-07-16,755786.802
2021-07-17,703589.58
2021-07-18,657129.066
2021-07-19,770181.187
2021-07-20,786064.039
2021-07-21,796392.983
2021-07-22,807661.031
2021-07-23,801290.966
2021-07-24,708875.188
2021-07-25,647414.033
2021-07-26,741788.852
2021-07-27,764664.988
2021-07-28,777471.567
2021-07-29,786049.111
2021-07-30,780535.725
2021-07-31,688602.143
2021-08-01,610030.071
2021-08-02,692296.539
2021-08-03,716478.894
2021-08-04,726929.59
2021-08-05,737222.091
2021-08-06,733401.456
2021-08-07,676412.684
2021-08-08,615001.22
2021-08-09,688277.519
2021-08-10,712411.101
2021-08-11,735965.665
2021-08-12,755611.095
2021-08-13,762760.446
2021-08-14,734160.936
2021-08-15,692750.878
2021-08-16,734676.191
2021-08-17,734157.383
2021-08-18,729662.489
2021-08-19,723091.039
2021-08-20,723168.05
2021-08-21,680177.885
2021-08-22,642547.886
2021-08-23,740216.309
2021-08-24,749610.14
2021-08-25,738207.487
2021-08-26,746460.103
2021-08-27,752000.087
2021-08-28,680131.728
2021-08-29,625714.882
2021-08-30,722450.384
2021-08-31,747811.051
2021-09-01,746405.192
2021-09-02,733294.828
2021-09-03,731068.102
2021-09-04,661105.572
2021-09-05,625947.506
2021-09-06,750941.319
2021-09-07,778331.589
2021-09-08,758832.979
2021-09-09,759765.067
2021-09-10,743109.71
2021-09-11,664034.519
2021-09-12,624471.173
2021-09-13,730599.845
2021-09-14,744889.97
2021-09-15,740655.596
2021-09-16,726396.632
2021-09-17,714163.921
2021-09-18,639492.9
2021-09-19,588068.278
2021-09-20,692113.328
2021-09-21,696775.737
2021-09-22,701743.975
2021-09-23,704545.814
2021-09-24,697179.551
2021-09-25,631054.818
2021-09-26,582860.409
2021-09-27,686152.044
2021-09-28,706305.455
2021-09-29,710112.398
2021-09-30,702537.831
2021-10-01,692944.543
2021-10-02,630287.998
2021-10-03,585692.62
2021-10-04,665592.111
2021-10-05,681284.754
2021-10-06,695359.374
2021-10-07,689344.379
2021-10-08,685109.813
2021-10-09,612730.729
2021-10-10,568730.598
2021-10-11,615641.185
2021-10-12,577417.811
2021-10-13,668727.443
2021-10-14,682596.759
2021-10-15,681763.233
2021-10-16,616067.047
2021-10-17,573616.151
2021-10-18,675467.776
2021-10-19,692280.722
2021-10-20,693103.655
2021-10-21,688480.315
2021-10-22,682264.745
2021-10-23,612018.709
2021-10-24,571138.872
2021-10-25,670783.825
2021-10-26,692319.42
2021-10-27,689359.293
2021-10-28,691147.265
2021-10-29,692264.935
2021-10-30,626694.705
2021-10-31,597247.186
2021-11-01,576367.744
2021-11-02,674854.716
2021-11-03,695235.266
2021-11-04,705890.141
2021-11-05,717193.16
2021-11-06,655441.422
2021-11-07,616104.014
2021-11-08,716917.625
2021-11-09,728003.134
2021-11-10,737414.445
2021-11-11,738439.482
2021-11-12,731746.944
2021-11-13,652720.566
2021-11-14,612965.856
2021-11-15,725702.68
2021-11-16,748837.812
2021-11-17,753689.107
2021-11-18,755571.919
2021-11-19,746448.912
2021-11-20,674480.947
2021-11-21,622504.567
2021-11-22,744436.995
2021-11-23,774690.327
2021-11-24,786755.043
2021-11-25,787163.875
2021-11-26,781000.985
2021-11-27,716586.063
2021-11-28,685695.321
2021-11-29,782127.955
2021-11-30,788505.669
2021-12-01,797141.836
2021-12-02,800194.435
2021-12-03,790811.497
2021-12-04,711448.518
2021-12-05,660580.665
2021-12-06,667195.846
2021-12-07,710588.895
2021-12-08,684008.281
2021-12-09,782066.188
2021-12-10,776257.295
2021-12-11,692242.959
2021-12-12,644678.964
2021-12-13,758492.556
2021-12-14,783341.736
2021-12-15,787193.874
2021-12-16,792100.159
2021-12-17,783162.446
2021-12-18,706205.51
2021-12-19,660628.862
2021-12-20,771478.461
2021-12-21,772523.695
2021-12-22,757320.524
2021-12-23,729089.502
2021-12-24,637631.538
2021-12-25,547513.015
2021-12-26,582595.459
2021-12-27,657559.283
2021-12-28,663701.614
2021-12-29,657200.732
2021-12-30,653602.373
2021-12-31,611387.919
2022-01-01,535144.786
2022-01-02,578855.186
2022-01-03,691970.774
2022-01-04,718047.874
2022-01-05,715070.234
2022-01-06,617936.351
2022-01-07,703004.57
2022-01-08,686615.314
2022-01-09,657099.904
2022-01-10,756621.212
2022-01-11,771711.078
2022-01-12,777310.213
2022-01-13,788572.283
2022-01-14,796150.956
2022-01-15,717164.143
2022-01-16,672381.068
2022-01-17,790794.183
2022-01-18,809453.033
2022-01-19,813885.767
2022-01-20,813841.104
2022-01-21,812933.383
2022-01-22,728531.886
2022-01-23,681487.178
2022-01-24,800222.601
2022-01-25,803957.158
2022-01-26,800205.701
2022-01-27,794878.473
2022-01-28,786143.822
2022-01-29,698969.016
2022-01-30,648503.898
2022-01-31,761832.783
2022-02-01,774260.763
2022-02-02,762494.554
2022-02-03,760780.897
2022-02-04,756896.641
2022-02-05,682674.839
2022-02-06,635247.08
2022-02-07,746724.421
2022-02-08,756678.724
2022-02-09,755748.252
2022-02-10,762082.393
2022-02-11,754633.793
2022-02-12,679947.691
2022-02-13,635776.528
2022-02-14,741719.03
2022-02-15,759124.039
2022-02-16,758265.98
2022-02-17,744050.02
2022-02-18,735427.048
2022-02-19,677992.558
2022-02-20,628491.111
2022-02-21,726597.17
2022-02-22,734120.281
2022-02-23,732237.567
2022-02-24,736907.737
2022-02-25,742820.885
2022-02-26,670693.047
2022-02-27,618013.898
2022-02-28,697748.424
2022-03-01,722629.686
2022-03-02,735689.298
2022-03-03,742779.369
2022-03-04,743386.909
2022-03-05,660787.324
2022-03-06,620251.472
2022-03-07,732493.133
2022-03-08,735113.962
2022-03-09,726757.341
2022-03-10,722215.252
2022-03-11,731329.705
2022-03-12,642182.296
2022-03-13,593322.595
2022-03-14,726364.443
2022-03-15,727251.646
2022-03-16,728889.512
2022-03-17,726425.305
2022-03-18,704833.012
2022-03-19,624061.488
2022-03-20,591749.465
2022-03-21,698550.305
2022-03-22,717641.0
2022-03-23,719548.211
2022-03-24,725071.963
2022-03-25,706766.452
2022-03-26,631663.488
2022-03-27,554056.158
2022-03-28,677673.545
2022-03-29,692972.303
2022-03-30,707690.926
2022-03-31,705601.198
2022-04-01,710892.602
2022-04-02,645549.332
2022-04-03,613758.289
2022-04-04,744100.153
2022-04-05,762729.139
2022-04-06,744533.256
2022-04-07,722876.934
2022-04-08,707077.849
2022-04-09,621527.143
2022-04-10,574809.756
2022-04-11,667783.117
2022-04-12,687251.619
2022-04-13,685363.179
2022-04-14,585210.51
2022-04-15,536448.535
2022-04-16,551086.712
2022-04-17,527257.849
2022-04-18,580335.76
2022-04-19,657825.815
2022-04-20,698469.112
2022-04-21,697710.847
2022-04-22,695637.89
2022-04-23,628779.932
2022-04-24,571994.039
2022-04-25,654714.455
2022-04-26,677540.715
2022-04-27,687613.611
2022-04-28,688510.063
2022-04-29,669022.367
2022-04-30,592600.643
2022-05-01,528390.929
2022-05-02,614138.744
2022-05-03,677392.499
2022-05-04,687315.435
2022-05-05,680762.673
2022-05-06,668597.638
2022-05-07,596496.276
2022-05-08,550457.934
2022-05-09,650598.557
2022-05-10,673774.152
2022-05-11,678560.086
2022-05-12,683981.303
2022-05-13,678906.624
2022-05-14,613471.345
2022-05-15,565340.711
2022-05-16,658606.234
2022-05-17,689159.568
2022-05-18,701701.58
2022-05-19,716668.676
2022-05-20,714896.579
2022-05-21,645687.218
2022-05-22,591016.568
2022-05-23,692293.672
2022-05-24,699490.143
2022-05-25,683203.914
2022-05-26,688924.599
2022-05-27,691167.658
2022-05-28,628739.734
2022-05-29,579504.708
2022-05-30,672096.948
2022-05-31,699889.965
2022-06-01,709660.649
2022-06-02,714096.111
2022-06-03,711460.499
2022-06-04,632752.836
2022-06-05,583681.514
2022-06-06,671690.704
2022-06-07,720817.352
2022-06-08,734652.173
2022-06-09,740426.075
2022-06-10,740712.627
2022-06-11,678773.887
2022-06-12,633281.978
2022-06-13,758638.075
2022-06-14,798691.052
2022-06-15,816499.073
2022-06-16,810374.883
2022-06-17,807731.237
2022-06-18,721874.37
2022-06-19,639567.443
2022-06-20,746482.216
2022-06-21,754336.941
2022-06-22,735366.573
2022-06-23,712244.518
2022-06-24,658105.271
2022-06-25,634796.661
2022-06-26,597120.111
2022-06-27,697550.971
2022-06-28,717423.769
2022-06-29,727046.257
2022-06-30,724490.783
2022-07-01,714296.439
2022-07-02,664621.873
2022-07-03,628386.931
2022-07-04,734811.021
2022-07-05,766576.117
2022-07-06,763815.16
2022-07-07,756028.699
2022-07-08,760229.022
2022-07-09,692390.322
2022-07-10,652462.732
2022-07-11,781323.554
2022-07-12,811270.388
2022-07-13,827870.215
2022-07-14,836258.259
2022-07-15,831856.371
2022-07-16,748679.261
2022-07-17,698666.051
2022-07-18,822023.508
2022-07-19,823558.586
2022-07-20,823283.426
2022-07-21,836727.903
2022-07-22,831424.411
2022-07-23,735091.226
2022-07-24,687821.417
2022-07-25,787876.394
2022-07-26,824187.447
2022-07-27,806232.992
2022-07-28,800376.722
2022-07-29,793992.235
2022-07-30,718385.467
2022-07-31,675415.017
2022-08-01,782866.189
2022-08-02,800030.828
2022-08-03,795863.729
2022-08-04,789564.733
2022-08-05,772886.414
2022-08-06,699119.098
2022-08-07,647889.366
2022-08-08,727811.301
2022-08-09,745979.959
2022-08-10,754636.552
2022-08-11,750843.942
2022-08-12,750786.746
2022-08-13,698246.392
2022-08-14,629884.456
2022-08-15,622660.016
2022-08-16,680755.938
2022-08-17,677139.664
2022-08-18,659330.261
2022-08-19,661916.618
2022-08-20,633699.219
2022-08-21,602791.839
2022-08-22,703153.961
2022-08-23,730634.865
2022-08-24,738558.459
2022-08-25,736603.211
2022-08-26,725562.063
2022-08-27,656630.131
2022-08-28,615465.721
2022-08-29,727200.545
2022-08-30,750924.467
2022-08-31,740231.753
2022-09-01,731641.339
2022-09-02,732227.67
2022-09-03,642236.01
2022-09-04,596575.601
2022-09-05,711057.502
2022-09-06,727527.085
2022-09-07,731678.0
2022-09-08,715619.573
2022-09-09,721661.277
2022-09-10,653804.812
2022-09-11,619822.057
2022-09-12,743105.948
2022-09-13,746416.15
2022-09-14,722541.723
2022-09-15,713473.613
2022-09-16,708799.082
2022-09-17,619334.834
2022-09-18,574254.188
2022-09-19,685476.662
2022-09-20,704300.231
2022-09-21,700070.02
2022-09-22,695597.389
2022-09-23,689988.523
2022-09-24,602468.746
2022-09-25,547492.934
2022-09-26,638740.351
2022-09-27,659456.712
2022-09-28,663780.704
2022-09-29,663785.856
2022-09-30,649024.388
2022-10-01,576530.486
2022-10-02,536105.027
2022-10-03,644976.653
2022-10-04,667812.384
2022-10-05,669204.132
2022-10-06,675127.531
2022-10-07,666351.834
2022-10-08,589542.598
2022-10-09,540796.45
2022-10-10,644622.826
2022-10-11,654510.421
2022-10-12,557942.649
2022-10-13,641378.909
2022-10-14,654335.366
2022-10-15,579414.681
2022-10-16,540243.248
2022-10-17,645458.789
2022-10-18,666698.644
2022-10-19,678778.124
2022-10-20,683996.794
2022-10-21,672847.573
2022-10-22,586790.797
2022-10-23,551003.213
2022-10-24,646287.207
2022-10-25,663966.837
2022-10-26,669571.962
2022-10-27,664276.72
2022-10-28,653085.719
2022-10-29,573082.907
2022-10-30,547874.045
2022-10-31,587498.589
2022-11-01,538630.845
2022-11-02,634187.151
2022-11-03,656532.768
2022-11-04,653078.471
2022-11-05,571841.348
2022-11-06,532238.943
2022-11-07,612953.806
2022-11-08,666701.201
2022-11-09,661163.333
2022-11-10,664449.942
2022-11-11,664653.882
2022-11-12,588358.835
2022-11-13,542933.157
2022-11-14,652741.12
2022-11-15,651544.301
2022-11-16,681393.885
2022-11-17,679641.411
2022-11-18,675636.087
2022-11-19,603900.284
2022-11-20,560680.142
2022-11-21,686937.943
2022-11-22,715617.289
2022-11-23,701571.613
2022-11-24,698309.438
2022-11-25,682256.747
2022-11-26,614741.775
2022-11-27,582620.008
2022-11-28,688907.474
2022-11-29,712802.199
2022-11-30,724740.32
2022-12-01,730613.079
2022-12-02,731618.823
2022-12-03,659861.394
2022-12-04,616327.939
2022-12-05,707473.451
2022-12-06,645078.436
2022-12-07,693711.869
2022-12-08,632319.537
2022-12-09,671091.448
2022-12-10,623146.186
2022-12-11,606821.364
2022-12-12,728180.46
2022-12-13,732934.204
2022-12-14,717540.301
2022-12-15,712548.603
2022-12-16,713514.912
2022-12-17,629703.175
2022-12-18,591386.911
2022-12-19,708990.929
2022-12-20,724156.043
2022-12-21,711189.579
2022-12-22,694814.032
2022-12-23,657996.045
2022-12-24,562091.314
2022-12-25,489067.621
2022-12-26,532343.828
2022-12-27,612141.492
2022-12-28,629989.307
2022-12-29,637184.984
2022-12-30,624064.594
2022-12-31,559754.852
2023-01-01,506425.906
2023-01-02,621645.824
2023-01-03,677052.137
2023-01-04,689160.95
2023-01-05,671291.045
2023-01-06,580299.936
2023-01-07,626064.221
2023-01-08,614482.321
2023-01-09,702001.315
2023-01-10,731661.44
2023-01-11,738957.782
2023-01-12,743091.787
2023-01-13,737961.141
2023-01-14,663062.596
2023-01-15,615888.197
2023-01-16,755509.285
2023-01-17,758739.977
2023-01-18,780321.606
2023-01-19,790062.795
2023-01-20,757426.586
2023-01-21,676924.309
2023-01-22,649293.321
2023-01-23,787526.211
2023-01-24,825630.213
2023-01-25,816153.242
2023-01-26,817260.311
2023-01-27,806430.869
2023-01-28,718692.953
2023-01-29,675983.757
2023-01-30,795325.338
2023-01-31,803698.92
2023-02-01,801662.332
2023-02-02,790975.567
2023-02-03,775632.369
2023-02-04,684167.496
2023-02-05,638690.856
2023-02-06,775399.85
2023-02-07,808031.458
2023-02-08,805426.932
2023-02-09,795325.55
2023-02-10,791833.872
2023-02-11,696716.754
2023-02-12,648805.368
2023-02-13,763941.892
2023-02-14,776349.758
2023-02-15,765234.644
2023-02-16,756184.773
2023-02-17,745841.242
2023-02-18,656958.729
2023-02-19,604243.142
2023-02-20,703843.757
2023-02-21,718542.25
2023-02-22,723179.886
2023-02-23,744746.598
2023-02-24,741153.705
2023-02-25,670495.14
2023-02-26,633054.625
2023-02-27,769247.838
2023-02-28,774548.797
2023-03-01,790626.199
2023-03-02,796204.01
2023-03-03,772937.401
2023-03-04,674017.739
2023-03-05,635805.655
2023-03-06,739440.9
2023-03-07,736668.395
2023-03-08,726365.685
2023-03-09,716452.857
2023-03-10,689273.37
2023-03-11,608584.638
2023-03-12,557439.954
2023-03-13,658906.077
2023-03-14,669720.805
2023-03-15,669686.9
2023-03-16,671404.492
2023-03-17,669898.72
2023-03-18,603233.37
2023-03-19,551700.834
2023-03-20,641384.343
2023-03-21,667437.684
2023-03-22,665415.519
2023-03-23,664773.196
2023-03-24,664920.294
2023-03-25,595900.869
2023-03-26,525933.283
2023-03-27,642067.363
2023-03-28,655229.932
2023-03-29,657287.875
2023-03-30,660755.927
2023-03-31,660236.946
2023-04-01,592046.555
2023-04-02,548874.924
2023-04-03,639072.811
2023-04-04,652016.035
2023-04-05,639631.827
2023-04-06,564889.452
2023-04-07,518549.539
2023-04-08,531339.729
2023-04-09,508947.86
2023-04-10,562915.862
2023-04-11,631802.137
2023-04-12,660115.2
2023-04-13,658532.314
2023-04-14,664022.635
2023-04-15,592441.566
2023-04-16,547231.264
2023-04-17,634831.145
2023-04-18,654865.618
2023-04-19,654950.573
2023-04-20,656653.518
2023-04-21,650980.32
2023-04-22,590495.8
2023-04-23,544376.883
2023-04-24,633779.346
2023-04-25,659059.16
2023-04-26,661852.956
2023-04-27,666829.312
2023-04-28,661354.264
2023-04-29,592081.712
2023-04-30,542193.983
2023-05-01,523889.313
2023-05-02,622434.735
2023-05-03,660714.847
2023-05-04,665290.908
2023-05-05,659616.923
2023-05-06,590485.791
2023-05-07,548502.085
2023-05-08,642369.829
2023-05-09,668097.149
2023-05-10,663531.114
2023-05-11,657135.64
2023-05-12,656184.255
2023-05-13,585306.083
2023-05-14,542358.512
2023-05-15,631619.964
2023-05-16,651749.949
2023-05-17,643132.606
2023-05-18,651137.81
2023-05-19,646534.241
2023-05-20,576238.824
2023-05-21,535466.982
2023-05-22,639422.481
2023-05-23,654198.935
2023-05-24,650279.581
2023-05-25,651724.712
2023-05-26,638249.622
2023-05-27,566548.508
2023-05-28,521285.615
2023-05-29,621366.375
2023-05-30,638434.329
2023-05-31,640059.655
2023-06-01,649942.676
2023-06-02,642678.488
2023-06-03,571764.741
2023-06-04,529995.247
2023-06-05,632165.698
2023-06-06,660649.668
2023-06-07,675239.156
2023-06-08,666873.185
2023-06-09,657431.943
2023-06-10,585434.217
2023-06-11,546386.353
2023-06-12,654286.647
2023-06-13,671548.429
2023-06-14,675031.725
2023-06-15,685681.558
2023-06-16,695921.152
2023-06-17,627665.321
2023-06-18,577954.372
2023-06-19,684896.351
2023-06-20,704703.371
2023-06-21,714975.961
2023-06-22,709422.083
2023-06-23,705413.541
2023-06-24,628176.282
2023-06-25,616012.038
2023-06-26,753018.153
2023-06-27,772286.006
2023-06-28,777596.436
2023-06-29,771072.346
2023-06-30,729157.132
2023-07-01,646254.981
2023-07-02,615130.595
2023-07-03,741756.166
2023-07-04,754074.66
2023-07-05,756329.156
2023-07-06,760166.347
2023-07-07,752018.825
2023-07-08,665130.797
2023-07-09,628912.612
2023-07-10,778800.77
2023-07-11,820243.486
2023-07-12,813329.123
2023-07-13,799787.648
2023-07-14,800527.393
2023-07-15,698753.666
2023-07-16,639880.119
2023-07-17,781395.496
2023-07-18,824598.568
2023-07-19,837501.706
2023-07-20,818438.549
2023-07-21,780090.042
2023-07-22,681943.561
2023-07-23,646041.839
2023-07-24,752105.434
2023-07-25,721372.938
2023-07-26,733046.018
2023-07-27,748428.535
2023-07-28,740713.259
2023-07-29,680851.05
2023-07-30,645350.877
2023-07-31,736624.838
2023-08-01,754106.067
2023-08-02,767572.867
2023-08-03,743787.712
2023-08-04,689678.817
2023-08-05,616704.903
2023-08-06,594272.852
2023-08-07,677200.493
2023-08-08,710098.443
2023-08-09,730621.532
2023-08-10,746766.603
2023-08-11,739105.889
2023-08-12,680130.564
2023-08-13,633561.647
2023-08-14,679049.268
2023-08-15,632371.277
2023-08-16,697609.563
2023-08-17,705886.436
2023-08-18,708620.632
2023-08-19,669852.416
2023-08-20,650595.656
2023-08-21,769909.688
2023-08-22,791908.796
2023-08-23,805114.493
2023-08-24,806257.924
2023-08-25,795777.497
2023-08-26,704096.731
2023-08-27,589812.346
2023-08-28,666251.744
2023-08-29,684519.165
2023-08-30,691690.676
2023-08-31,696633.256
2023-09-01,707897.142
2023-09-02,617334.231
2023-09-03,567635.528
2023-09-04,680749.198
2023-09-05,702074.366
2023-09-06,713455.091
2023-09-07,718709.335
2023-09-08,696807.158
2023-09-09,623814.065
2023-09-10,582350.336
2023-09-11,670861.718
2023-09-12,705037.939
2023-09-13,705471.848
2023-09-14,712650.088
2023-09-15,704741.902
2023-09-16,610152.639
2023-09-17,573642.626
2023-09-18,665858.082
2023-09-19,683286.703
2023-09-20,680363.13
2023-09-21,682301.958
2023-09-22,657786.885
2023-09-23,577386.642
2023-09-24,541155.475
2023-09-25,644344.176
2023-09-26,673007.777
2023-09-27,684381.179
2023-09-28,688482.194
2023-09-29,682620.495
2023-09-30,608394.984
2023-10-01,568592.41
2023-10-02,677907.782
2023-10-03,694129.802
2023-10-04,697359.162
2023-10-05,698683.251
2023-10-06,699421.954
2023-10-07,618380.502
2023-10-08,572203.065
2023-10-09,661444.716
2023-10-10,682328.873
2023-10-11,676631.446
2023-10-12,575504.945
2023-10-13,615394.793
2023-10-14,578579.097
2023-10-15,541876.33
2023-10-16,656582.378
2023-10-17,685735.457
2023-10-18,691544.263
2023-10-19,695588.62
2023-10-20,670024.187
2023-10-21,578655.968
2023-10-22,547584.426
2023-10-23,652396.01
2023-10-24,668310.627
2023-10-25,680986.583
2023-10-26,695519.318
2023-10-27,681696.979
2023-10-28,600928.081
2023-10-29,584792.106
2023-10-30,663807.745
2023-10-31,677491.268
2023-11-01,595447.394
2023-11-02,681524.046
2023-11-03,688910.052
2023-11-04,621381.226
2023-11-05,573801.32
2023-11-06,677205.414
2023-11-07,699291.04
2023-11-08,713708.037
2023-11-09,703993.269
2023-11-10,703513.302
2023-11-11,628504.13
2023-11-12,573478.299
2023-11-13,672700.842
2023-11-14,682941.124
2023-11-15,690217.89
2023-11-16,694399.37
2023-11-17,681979.844
2023-11-18,604200.644
2023-11-19,560129.864
2023-11-20,674097.163
2023-11-21,697706.662
2023-11-22,709139.885
2023-11-23,713863.707
2023-11-24,715114.11
2023-11-25,635313.081
2023-11-26,602380.968
2023-11-27,720961.771
2023-11-28,737005.018
2023-11-29,735891.426
2023-11-30,724390.897
2023-12-01,721843.711
2023-12-02,646520.006
2023-12-03,624482.267
2023-12-04,743449.538
2023-12-05,751522.63
2023-12-06,674816.633
2023-12-07,701438.509
2023-12-08,638304.87
2023-12-09,633897.78
2023-12-10,604532.257
2023-12-11,712662.101
2023-12-12,734744.889
2023-12-13,741549.886
2023-12-14,745172.248
2023-12-15,739184.562
2023-12-16,662260.256
2023-12-17,636365.322
2023-12-18,758212.531
2023-12-19,774315.347
2023-12-20,781442.119
2023-12-21,758822.16
2023-12-22,721413.251
2023-12-23,640883.947
2023-12-24,596118.636
2023-12-25,553617.338
2023-12-26,654679.567
2023-12-27,703161.901
2023-12-28,710999.762
2023-12-29,698783.477
2023-12-30,630400.595
2023-12-31,606791.929
2024-01-01,555244.867
2024-01-02,703015.288
2024-01-03,721647.165
2024-01-04,726021.564
2024-01-05,697927.044
2024-01-06,614433.071
2024-01-07,637873.153
2024-01-08,784344.305
2024-01-09,811334.555
2024-01-10,818554.39
2024-01-11,808748.333
2024-01-12,805039.453
2024-01-13,717299.596
2024-01-14,660467.647
2024-01-15,770268.23
2024-01-16,770386.472
2024-01-17,759854.347
2024-01-18,742783.492
2024-01-19,776526.605
2024-01-20,683033.933
2024-01-21,640605.651
2024-01-22,756819.433
2024-01-23,753138.609
2024-01-24,740425.099
2024-01-25,731835.908
2024-01-26,723523.058
2024-01-27,637219.431
2024-01-28,600542.109
2024-01-29,722022.961
2024-01-30,739056.741
2024-01-31,743579.224
2024-02-01,742360.015
2024-02-02,732137.756
2024-02-03,645683.778
2024-02-04,603124.588
2024-02-05,723751.094
2024-02-06,737643.259
2024-02-07,749239.087
2024-02-08,753771.808
2024-02-09,755078.183
2024-02-10,663286.901
2024-02-11,637388.013
2024-02-12,714805.293
2024-02-13,711774.274
2024-02-14,720159.286
2024-02-15,729110.689
2024-02-16,717799.65
2024-02-17,624221.905
2024-02-18,584974.522
2024-02-19,689633.162
2024-02-20,701883.264
2024-02-21,717459.193
2024-02-22,727081.55
2024-02-23,724628.099
2024-02-24,657800.038
2024-02-25,626143.633
2024-02-26,730573.86
2024-02-27,746142.904
2024-02-28,732016.128
2024-02-29,735852.499
2024-03-01,729467.223
2024-03-02,666467.109
2024-03-03,621709.846
2024-03-04,737435.932
2024-03-05,723424.215
2024-03-06,729789.252
2024-03-07,746093.475
2024-03-08,749031.934
2024-03-09,692419.871
2024-03-10,627303.729
2024-03-11,717439.261
2024-03-12,716317.541
2024-03-13,716865.216
2024-03-14,717487.516
2024-03-15,698375.264
2024-03-16,619190.554
2024-03-17,571959.711
2024-03-18,656466.182
2024-03-19,650942.94
2024-03-20,677715.876
2024-03-21,684131.084
2024-03-22,675156.316
2024-03-23,603767.889
2024-03-24,563702.618
2024-03-25,685192.419
2024-03-26,699802.428
2024-03-27,695408.52
2024-03-28,617996.902
2024-03-29,573029.121
2024-03-30,588708.264
2024-03-31,561847.85
2024-04-01,623303.276
2024-04-02,694646.131
2024-04-03,688565.412
2024-04-04,677501.897
2024-04-05,671728.963
2024-04-06,604539.804
2024-04-07,561830.999
2024-04-08,657510.236
2024-04-09,668332.691
2024-04-10,668277.546
2024-04-11,666051.0
2024-04-12,664534.289
2024-04-13,585627.137
2024-04-14,543795.772
2024-04-15,648467.3
2024-04-16,666104.149
2024-04-17,661868.183
2024-04-18,666332.603
2024-04-19,663124.782
2024-04-20,589557.074
2024-04-21,546008.854
2024-04-22,651354.591
2024-04-23,667541.496
2024-04-24,675674.227
2024-04-25,691514.386
2024-04-26,675506.739
2024-04-27,611988.992
2024-04-28,568776.214
2024-04-29,672239.614
2024-04-30,665002.708
2024-05-01,568495.068
2024-05-02,635501.984
2024-05-03,652238.521
2024-05-04,593627.948
2024-05-05,555852.311
2024-05-06,648228.123
2024-05-07,652583.945
2024-05-08,658873.053
2024-05-09,655891.305
2024-05-10,645699.657
2024-05-11,580019.888
2024-05-12,541009.031
2024-05-13,646028.397
2024-05-14,665540.527
2024-05-15,655349.807
2024-05-16,661439.853
2024-05-17,652048.475
2024-05-18,584137.337
2024-05-19,545024.052
2024-05-20,632021.971
2024-05-21,656109.774
2024-05-22,659114.186
2024-05-23,657885.535
2024-05-24,652663.71
2024-05-25,584566.506
2024-05-26,543898.242
2024-05-27,656440.291
2024-05-28,665817.233
2024-05-29,678938.262
2024-05-30,684233.4
2024-05-31,672026.119
2024-06-01,605685.889
2024-06-02,560792.014
2024-06-03,664249.663
2024-06-04,676223.208
2024-06-05,690706.326
2024-06-06,709405.629
2024-06-07,709081.52
2024-06-08,625017.26
2024-06-09,564689.066
2024-06-10,667360.68
2024-06-11,675023.098
2024-06-12,669532.698
2024-06-13,656769.75
2024-06-14,674206.766
2024-06-15,601068.708
2024-06-16,561514.511
2024-06-17,681820.916
2024-06-18,699419.396
2024-06-19,690884.271
2024-06-20,684434.641
2024-06-21,669689.165
2024-06-22,608838.516
2024-06-23,569494.463
2024-06-24,649416.806
2024-06-25,712922.105
2024-06-26,717892.384
2024-06-27,721054.708
2024-06-28,715511.219
2024-06-29,630142.827
2024-06-30,584627.364
2024-07-01,681409.249
2024-07-02,703491.606
2024-07-03,721171.089
2024-07-04,741981.107
2024-07-05,744021.161
2024-07-06,655275.862
2024-07-07,592880.387
2024-07-08,704684.064
2024-07-09,735322.24
2024-07-10,756032.335
2024-07-11,784406.465
2024-07-12,774064.671
2024-07-13,669619.273
2024-07-14,619815.61
2024-07-15,746760.75
2024-07-16,761435.351
2024-07-17,769574.128
2024-07-18,788334.388
2024-07-19,798658.134
2024-07-20,713125.299
2024-07-21,642305.943
2024-07-22,742688.427
2024-07-23,783735.147
2024-07-24,806576.408
2024-07-25,773955.13
2024-07-26,773590.842
2024-07-27,703718.397
2024-07-28,669515.361
2024-07-29,795661.898
2024-07-30,814439.123
2024-07-31,808446.346
2024-08-01,822334.593
2024-08-02,796742.399
2024-08-03,700122.36
2024-08-04,664411.431
2024-08-05,759002.69
2024-08-06,771423.581
2024-08-07,772073.249
2024-08-08,772401.538
2024-08-09,772935.824
2024-08-10,713464.803
2024-08-11,671701.722
2024-08-12,750014.535
2024-08-13,737828.997
2024-08-14,702725.921
2024-08-15,617541.371
2024-08-16,655090.386
2024-08-17,647929.123
2024-08-18,628945.697
2024-08-19,712297.821
2024-08-20,732700.795
2024-08-21,742774.409
2024-08-22,749146.713
2024-08-23,743446.72
2024-08-24,688878.926
2024-08-25,647915.767
2024-08-26,738601.944
2024-08-27,765981.401
2024-08-28,777702.507
2024-08-29,767391.885
2024-08-30,754877.136
2024-08-31,679489.19
2024-09-01,635520.797
2024-09-02,747148.328
2024-09-03,749492.829
2024-09-04,724877.568
2024-09-05,711286.885
2024-09-06,713336.528
2024-09-07,627865.294
2024-09-08,586439.281
2024-09-09,678959.577
2024-09-10,702676.435
2024-09-11,690262.905
2024-09-12,712003.62
2024-09-13,684372.294
2024-09-14,603145.351
2024-09-15,565914.59
2024-09-16,677158.157
2024-09-17,693667.015
2024-09-18,697682.109
2024-09-19,695367.747
2024-09-20,686311.435
2024-09-21,612520.092
2024-09-22,563714.064
2024-09-23,658402.489
2024-09-24,666549.893
2024-09-25,690170.306
2024-09-26,709563.671
2024-09-27,681451.804
2024-09-28,586411.756
2024-09-29,547130.07
2024-09-30,651718.723
2024-10-01,684612.618
2024-10-02,704137.965
2024-10-03,693438.927
2024-10-04,675767.86
2024-10-05,606869.229
2024-10-06,577173.06
2024-10-07,690070.631
2024-10-08,690974.941
2024-10-09,688394.281
2024-10-10,674602.585
2024-10-11,664565.584
2024-10-12,589272.325
2024-10-13,549390.403
2024-10-14,668027.312
2024-10-15,693335.616
2024-10-16,696267.98
2024-10-17,689262.671
2024-10-18,672083.364
2024-10-19,592622.751
2024-10-20,556263.258
2024-10-21,652929.134
2024-10-22,677075.735
2024-10-23,675029.303
2024-10-24,675732.064
2024-10-25,680753.442
2024-10-26,600259.491
2024-10-27,592818.011
2024-10-28,674874.49
2024-10-29,700574.099
2024-10-30,687653.302
2024-10-31,666086.577
2024-11-01,576955.641
2024-11-02,573530.388
2024-11-03,554206.328
2024-11-04,651653.41
2024-11-05,671008.768
2024-11-06,674763.53
2024-11-07,675631.479
2024-11-08,682336.02
2024-11-09,603689.931
2024-11-10,564790.043
2024-11-11,667031.681
2024-11-12,698667.79
2024-11-13,729582.134
2024-11-14,713120.292
2024-11-15,704955.638
2024-11-16,622878.804
2024-11-17,578882.985
2024-11-18,682827.51
2024-11-19,698671.221
2024-11-20,707107.296
2024-11-21,723249.489
2024-11-22,708584.877
2024-11-23,627903.578
2024-11-24,588974.226
2024-11-25,698078.343
2024-11-26,720149.567
2024-11-27,724324.978
2024-11-28,730708.457
2024-11-29,718561.576
2024-11-30,635729.236
2024-12-01,603031.577
2024-12-02,706645.856
2024-12-03,723815.781
2024-12-04,733823.736
2024-12-05,728678.452
2024-12-06,634732.969
2024-12-07,626204.107
2024-12-08,618579.423
2024-12-09,727630.736
2024-12-10,781334.031
2024-12-11,809721.081
2024-12-12,805169.012
2024-12-13,785137.193
2024-12-14,704828.445
2024-12-15,672362.256
2024-12-16,782975.415
2024-12-17,796202.148
2024-12-18,781895.5
2024-12-19,769610.762
2024-12-20,744247.659
2024-12-21,674505.332
2024-12-22,642593.443
2024-12-23,690633.09
2024-12-24,642852.982
2024-12-25,547482.617
2024-12-26,643051.101
2024-12-27,676247.896
2024-12-28,642095.784
2024-12-29,619712.688
2024-12-30,691924.592
2024-12-31,666906.666
2025-01-01,585942.98
2025-01-02,714746.165
2025-01-03,743131.902
2025-01-04,672654.205
2025-01-05,637473.016
2025-01-06,612375.246
2025-01-07,761126.956
2025-01-08,785457.969
2025-01-09,766861.319
2025-01-10,758349.049
2025-01-11,670140.941
2025-01-12,627798.603
2025-01-13,770960.273
2025-01-14,811334.506
2025-01-15,825272.872
2025-01-16,837533.046
2025-01-17,823171.174
2025-01-18,721462.081
2025-01-19,686072.784
2025-01-20,814665.825
2025-01-21,816068.543
2025-01-22,786025.216
2025-01-23,763306.352
2025-01-24,754465.345
2025-01-25,677659.658
2025-01-26,639514.665
2025-01-27,745544.984
2025-01-28,776292.423
2025-01-29,797240.69
2025-01-30,783496.217
2025-01-31,772257.643
2025-02-01,695742.806
2025-02-02,659166.289
2025-02-03,768751.535
2025-02-04,782615.522
2025-02-05,782147.842
2025-02-06,786399.816
2025-02-07,796255.651
2025-02-08,689583.624
2025-02-09,647247.053
2025-02-10,757836.189
2025-02-11,765437.268
2025-02-12,773734.442
2025-02-13,757461.905
2025-02-14,735597.658
2025-02-15,663818.4
2025-02-16,612138.615
2025-02-17,714984.452
2025-02-18,741638.655
2025-02-19,729534.345
2025-02-20,730459.658
2025-02-21,739860.672
2025-02-22,654390.89
2025-02-23,607511.781
2025-02-24,721880.389
2025-02-25,746983.888
2025-02-26,730095.38
2025-02-27,744246.435
2025-02-28,728757.572
2025-03-01,674291.083
2025-03-02,650355.572
2025-03-03,754992.978
2025-03-04,744701.905
2025-03-05,752590.785
2025-03-06,749727.851
2025-03-07,753102.249
2025-03-08,671410.611
2025-03-09,620610.269
2025-03-10,734548.538
2025-03-11,747118.253
2025-03-12,739764.977
2025-03-13,763441.839
2025-03-14,768965.713
2025-03-15,670593.774
2025-03-16,639750.189
2025-03-17,762507.034
2025-03-18,770388.213
2025-03-19,732948.831
2025-03-20,748489.404
2025-03-21,741574.845
2025-03-22,655240.105
2025-03-23,623984.664
2025-03-24,731931.312
2025-03-25,733633.334
2025-03-26,717710.69
2025-03-27,709253.992
2025-03-28,690335.115
2025-03-29,611762.084
2025-03-30,545041.522
2025-03-31,662374.383
2025-04-01,675970.718
2025-04-02,703596.661
2025-04-03,718753.316
2025-04-04,708149.497
2025-04-05,613267.03
2025-04-06,563258.408
2025-04-07,658503.168
2025-04-08,665345.094
2025-04-09,665082.802
2025-04-10,669485.926
2025-04-11,681170.848
2025-04-12,615576.921
2025-04-13,566161.185
2025-04-14,662868.148
2025-04-15,681884.426
2025-04-16,673293.59
2025-04-17,592381.044
2025-04-18,552534.757
2025-04-19,567411.461
2025-04-20,545602.352
2025-04-21,595976.349
2025-04-22,666864.958
2025-04-23,653356.505
2025-04-24,654811.42
2025-04-25,657751.21
2025-04-26,586878.013
2025-04-27,541776.286
2025-04-28,403207.036
2025-04-29,589642.502
2025-04-30,643781.367
2025-05-01,545263.484
2025-05-02,591365.627
2025-05-03,560793.506
2025-05-04,533549.476
2025-05-05,648639.197
2025-05-06,657786.189
2025-05-07,659535.192
2025-05-08,668893.553
2025-05-09,666485.073
2025-05-10,590369.102
2025-05-11,545248.668
2025-05-12,643297.354
2025-05-13,660055.296
2025-05-14,672274.468
2025-05-15,658394.862
2025-05-16,648923.956
2025-05-17,571024.884
2025-05-18,535072.434
2025-05-19,643248.447
2025-05-20,652858.323
2025-05-21,664126.551
2025-05-22,668934.761
2025-05-23,662370.423
2025-05-24,576278.854
2025-05-25,541833.367
2025-05-26,656907.772
2025-05-27,673937.417
2025-05-28,690657.01
2025-05-29,705618.351
2025-05-30,715806.08
2025-05-31,642661.771
2025-06-01,601403.207
2025-06-02,708803.44
2025-06-03,702262.944
2025-06-04,695659.883
2025-06-05,699779.839
2025-06-06,702444.921
2025-06-07,629746.725
2025-06-08,597725.404
2025-06-09,710918.962
2025-06-10,754696.984
2025-06-11,752899.496
2025-06-12,735130.474
2025-06-13,741270.425
2025-06-14,662642.834
2025-06-15,627012.243
2025-06-16,755796.389
2025-06-17,789539.344
2025-06-18,798771.575
2025-06-19,800371.54
2025-06-20,799043.803
2025-06-21,716688.135
2025-06-22,668192.776
2025-06-23,768928.351
2025-06-24,756417.62
2025-06-25,779196.977
2025-06-26,789344.14
2025-06-27,805524.442
2025-06-28,735838.704
2025-06-29,706151.373
2025-06-30,836439.201
2025-07-01,855802.483
2025-07-02,859922.841
2025-07-03,856473.621
2025-07-04,840845.187
2025-07-05,745107.989
2025-07-06,687730.918
2025-07-07,801641.548
2025-07-08,793529.934
2025-07-09,808754.42
2025-07-10,803389.452
2025-07-11,786953.002
2025-07-12,670387.31
2025-07-13,613937.491
2025-07-14,761045.663
2025-07-15,795849.912
2025-07-16,815078.448
2025-07-17,838007.023
2025-07-18,819513.995
2025-07-19,710737.397
2025-07-20,658769.157
2025-07-21,757112.828
2025-07-22,774126.042
2025-07-23,788231.74
2025-07-24,748388.251
2025-07-25,690451.027
2025-07-26,643741.119
2025-07-27,620654.224
2025-07-28,735074.432
2025-07-29,729341.445
2025-07-30,736753.706
2025-07-31,736861.508
2025-08-01,738032.959
2025-08-02,669897.493
2025-08-03,632149.078
2025-08-04,736161.938
2025-08-05,735478.609
2025-08-06,738187.733
2025-08-07,756224.724
2025-08-08,754852.392
2025-08-09,694991.226
2025-08-10,664339.049
2025-08-11,769184.367
2025-08-12,788507.462
2025-08-13,783296.53
2025-08-14,767851.607
2025-08-15,694235.587
2025-08-16,711386.957
2025-08-17,697739.998
2025-08-18,789797.366
2025-08-19,764038.242
2025-08-20,727302.506
2025-08-21,709967.667
2025-08-22,699921.002
2025-08-23,648399.471
2025-08-24,620629.644
2025-08-25,736788.448
2025-08-26,767732.905
2025-08-27,775098.237
2025-08-28,738249.775
2025-08-29,707675.068
2025-08-30,644586.186
2025-08-31,612448.377
2025-09-01,694089.649
2025-09-02,707902.838
2025-09-03,723012.406
2025-09-04,738710.824
2025-09-05,731984.419
2025-09-06,660824.664
2025-09-07,636818.691
2025-09-08,733515.375
2025-09-09,728201.825
2025-09-10,719712.346
2025-09-11,706372.633
2025-09-12,717767.587
2025-09-13,647954.104
2025-09-14,609034.799
2025-09-15,732596.126
2025-09-16,760997.274
2025-09-17,770717.862
2025-09-18,775937.633
2025-09-19,772904.075
2025-09-20,681176.671
2025-09-21,618932.462
2025-09-22,672340.723
2025-09-23,681459.84
2025-09-24,678532.483
2025-09-25,686554.906
2025-09-26,677959.732
2025-09-27,606269.866
2025-09-28,576712.041
2025-09-29,667557.816
2025-09-30,723309.727
2025-10-01,681009.588
2025-10-02,685852.105
2025-10-03,690940.843
2025-10-04,616041.663
2025-10-05,571392.384
2025-10-06,675818.609
2025-10-07,684438.63
2025-10-08,693547.224
2025-10-09,686617.038
2025-10-10,673868.817
2025-10-11,596845.899
2025-10-12,556396.905
2025-10-13,642757.0
2025-10-14,684248.408
2025-10-15,684880.144
2025-10-16,692389.074
2025-10-17,685129.648
2025-10-18,598733.523
2025-10-19,568967.866
2025-10-20,678055.657
2025-10-21,699792.792
2025-10-22,701838.787
2025-10-23,697161.249
2025-10-24,682287.305
2025-10-25,611012.908
2025-10-26,596622.432
2025-10-27,664331.731
2025-10-28,685277.73
2025-10-29,701261.002
2025-10-30,690241.726
2025-10-31,682048.175
2025-11-01,592218.16
2025-11-02,565102.7
2025-11-03,667465.389
2025-11-04,692255.798
2025-11-05,710081.755
2025-11-06,707774.547
2025-11-07,710010.435
2025-11-08,629295.303
2025-11-09,588460.828
2025-11-10,692492.149
2025-11-11,716585.649
2025-11-12,717439.4
2025-11-13,736843.768
2025-11-14,725427.537
2025-11-15,644784.497
2025-11-16,595975.014
2025-11-17,708860.945
2025-11-18,728135.481
2025-11-19,747024.24
2025-11-20,765048.633
2025-11-21,778694.38
2025-11-22,701389.461
2025-11-23,663179.63
2025-11-24,777474.48
2025-11-25,781772.966
2025-11-26,789853.38
2025-11-27,798378.217
2025-11-28,789168.18
2025-11-29,703816.13
2025-11-30,673953.514
2025-12-01,789066.537
2025-12-02,809822.821
2025-12-03,811028.566
2025-12-04,836398.776
2025-12-05,802278.757
2025-12-06,678158.423
2025-12-07,629514.903
2025-12-08,649618.368
2025-12-09,763644.913
2025-12-10,792569.325
2025-12-11,785807.398
2025-12-12,785077.434
2025-12-13,684962.919
2025-12-14,656653.19
2025-12-15,770607.252
2025-12-16,801065.078
2025-12-17,780541.299
2025-12-18,778194.582
2025-12-19,773959.293
2025-12-20,690773.012
2025-12-21,668189.045
2025-12-22,769646.169
2025-12-23,776888.763
2025-12-24,685228.032
2025-12-25,609939.918
2025-12-26,683677.621
2025-12-27,677314.364
2025-12-28,639401.264
2025-12-29,713389.21
2025-12-30,721915.539
2025-12-31,682120.965
