modalidad,iter,ano_test,fecha,real,pred,error,train_ini,train_fin,n_train
expanding,1,2020,2020-01-01,23826282.724,23943504.733921103,-117222.00992110372,2015-01-01,2019-12-01,60
expanding,1,2020,2020-02-01,20980969.957,20381811.954631817,599158.002368182,2015-01-01,2019-12-01,60
expanding,1,2020,2020-03-01,20926733.362,21828924.678285897,-902191.316285897,2015-01-01,2019-12-01,60
expanding,1,2020,2020-04-01,17060911.994,20010875.81272283,-2949963.818722829,2015-01-01,2019-12-01,60
expanding,1,2020,2020-05-01,18308083.84,20781198.589370005,-2473114.749370005,2015-01-01,2019-12-01,60
expanding,1,2020,2020-06-01,19358582.116,20759995.6408732,-1401413.5248732008,2015-01-01,2019-12-01,60
expanding,1,2020,2020-07-01,23194421.105,24128726.07010262,-934304.9651026204,2015-01-01,2019-12-01,60
expanding,1,2020,2020-08-01,22065111.348,22591660.31619277,-526548.9681927674,2015-01-01,2019-12-01,60
expanding,1,2020,2020-09-01,20498509.843,21299856.004408576,-801346.1614085771,2015-01-01,2019-12-01,60
expanding,1,2020,2020-10-01,20693485.205,21664641.101269647,-971155.8962696493,2015-01-01,2019-12-01,60
expanding,1,2020,2020-11-01,20698566.523,21316504.44321341,-617937.9202134125,2015-01-01,2019-12-01,60
expanding,1,2020,2020-12-01,22438961.596,22366513.446038675,72448.14996132627,2015-01-01,2019-12-01,60
expanding,2,2021,2021-01-01,23909484.894,24556206.66011396,-646721.7661139593,2015-01-01,2020-12-01,72
expanding,2,2021,2021-02-01,20182155.276,21312670.125508685,-1130514.8495086841,2015-01-01,2020-12-01,72
expanding,2,2021,2021-03-01,21823050.887,21393820.398842562,429230.48815743625,2015-01-01,2020-12-01,72
expanding,2,2021,2021-04-01,19940221.825,17562591.557393122,2377630.267606877,2015-01-01,2020-12-01,72
expanding,2,2021,2021-05-01,20346648.964,18744213.79137128,1602435.172628723,2015-01-01,2020-12-01,72
expanding,2,2021,2021-06-01,20728356.541,19537065.715422403,1191290.825577598,2015-01-01,2020-12-01,72
expanding,2,2021,2021-07-01,22922255.761,22617216.352826957,305039.4081730433,2015-01-01,2020-12-01,72
expanding,2,2021,2021-08-01,22059793.279,22133078.435319528,-73285.15631952882,2015-01-01,2020-12-01,72
expanding,2,2021,2021-09-01,20972956.058,20664518.206501283,308437.8514987156,2015-01-01,2020-12-01,72
expanding,2,2021,2021-10-01,20197477.971,20236251.834190812,-38773.86319081113,2015-01-01,2020-12-01,72
expanding,2,2021,2021-11-01,21433492.692,21807326.365934785,-373833.6739347838,2015-01-01,2020-12-01,72
expanding,2,2021,2021-12-01,22029944.637,22253208.51386723,-223263.87686723098,2015-01-01,2020-12-01,72
expanding,3,2022,2022-01-01,22729295.932,23992706.263265114,-1263410.3312651142,2015-01-01,2021-12-01,84
expanding,3,2022,2022-02-01,20168155.371,20850721.424864925,-682566.0538649261,2015-01-01,2021-12-01,84
expanding,3,2022,2022-03-01,21475748.762,22344645.562171105,-868896.800171107,2015-01-01,2021-12-01,84
expanding,3,2022,2022-04-01,19589011.223,20452478.2763934,-863467.0533933975,2015-01-01,2021-12-01,84
expanding,3,2022,2022-05-01,20301232.67,20613833.441376463,-312600.7713764608,2015-01-01,2021-12-01,84
expanding,3,2022,2022-06-01,21330346.609,21958993.32618115,-628646.7171811499,2015-01-01,2021-12-01,84
expanding,3,2022,2022-07-01,23635939.166,24887037.76503465,-1251098.5990346484,2015-01-01,2021-12-01,84
expanding,3,2022,2022-08-01,22009668.436,23408057.72830964,-1398389.292309638,2015-01-01,2021-12-01,84
expanding,3,2022,2022-09-01,20311958.98,21581429.816378534,-1269470.8363785334,2015-01-01,2021-12-01,84
expanding,3,2022,2022-10-01,19330113.115,20171527.040184677,-841413.9251846783,2015-01-01,2021-12-01,84
expanding,3,2022,2022-11-01,19301765.718,20587622.285744462,-1285856.5677444637,2015-01-01,2021-12-01,84
expanding,3,2022,2022-12-01,20287656.712,21938267.192196958,-1650610.4801969565,2015-01-01,2021-12-01,84
expanding,4,2023,2023-01-01,22134026.291,21526769.935193032,607256.3558069691,2015-01-01,2022-12-01,96
expanding,4,2023,2023-02-01,20560235.18,19941136.3606069,619098.8193930984,2015-01-01,2022-12-01,96
expanding,4,2023,2023-03-01,20639711.232,19319593.576109212,1320117.6558907889,2015-01-01,2022-12-01,96
expanding,4,2023,2023-04-01,18316734.3,17030504.018943343,1286230.2810566574,2015-01-01,2022-12-01,96
expanding,4,2023,2023-05-01,19243367.373,18855306.92617072,388060.446829278,2015-01-01,2022-12-01,96
expanding,4,2023,2023-06-01,19973380.276,19631767.75387427,341612.52212573215,2015-01-01,2022-12-01,96
expanding,4,2023,2023-07-01,22799599.054,21935073.07693537,864525.9770646319,2015-01-01,2022-12-01,96
expanding,4,2023,2023-08-01,21829565.953,21044177.633400127,785388.3195998743,2015-01-01,2022-12-01,96
expanding,4,2023,2023-09-01,19762754.89,18673388.64352128,1089366.2464787215,2015-01-01,2022-12-01,96
expanding,4,2023,2023-10-01,19990082.144,18666700.952030737,1323381.1919692643,2015-01-01,2022-12-01,96
expanding,4,2023,2023-11-01,20113191.795,18357591.488711305,1755600.3062886968,2015-01-01,2022-12-01,96
expanding,4,2023,2023-12-01,21302390.025,20104600.30078683,1197789.724213168,2015-01-01,2022-12-01,96
expanding,5,2024,2024-01-01,22353571.734,21953449.809987694,400121.9240123071,2015-01-01,2023-12-01,108
expanding,5,2024,2024-02-01,20335524.431,20113873.32531178,221651.10568822175,2015-01-01,2023-12-01,108
expanding,5,2024,2024-03-01,20714646.058,21456787.976819143,-742141.9188191444,2015-01-01,2023-12-01,108
expanding,5,2024,2024-04-01,19297307.065,19294867.163750798,2439.901249203831,2015-01-01,2023-12-01,108
expanding,5,2024,2024-05-01,19541304.511,19858907.589042906,-317603.0780429058,2015-01-01,2023-12-01,108
expanding,5,2024,2024-06-01,19647475.567,19726941.365573138,-79465.79857313633,2015-01-01,2023-12-01,108
expanding,5,2024,2024-07-01,22776696.191,22952846.137248117,-176149.94624811783,2015-01-01,2023-12-01,108
expanding,5,2024,2024-08-01,22457895.434,22327914.31544487,129981.11855512857,2015-01-01,2023-12-01,108
expanding,5,2024,2024-09-01,19951121.613,20031429.411740802,-80307.79874080047,2015-01-01,2023-12-01,108
expanding,5,2024,2024-10-01,20340919.009,20302901.855299983,38017.15370001644,2015-01-01,2023-12-01,108
expanding,5,2024,2024-11-01,19908555.216,20394623.206948485,-486067.9909484871,2015-01-01,2023-12-01,108
expanding,5,2024,2024-12-01,21674632.33,21766185.201162748,-91552.87116274983,2015-01-01,2023-12-01,108
expanding,6,2025,2025-01-01,22938402.648,22940077.271332595,-1674.6233325973153,2015-01-01,2024-12-01,120
expanding,6,2025,2025-02-01,20264278.732,21100131.79329664,-835853.0612966381,2015-01-01,2024-12-01,120
expanding,6,2025,2025-03-01,21873142.114,21873992.12641347,-850.0124134682119,2015-01-01,2024-12-01,120
expanding,6,2025,2025-04-01,18774342.998,19785764.725499976,-1011421.7274999768,2015-01-01,2024-12-01,120
expanding,6,2025,2025-05-01,19552211.448,20402821.925019935,-850610.4770199358,2015-01-01,2024-12-01,120
expanding,6,2025,2025-06-01,21828642.151,22601197.7503544,-772555.5993544012,2015-01-01,2024-12-01,120
expanding,6,2025,2025-07-01,23484214.113,23267587.63449523,216626.47850477323,2015-01-01,2024-12-01,120
expanding,6,2025,2025-08-01,22275152.603,23280889.216448154,-1005736.6134481542,2015-01-01,2024-12-01,120
expanding,6,2025,2025-09-01,20839861.397,21225269.11736138,-385407.72036138177,2015-01-01,2024-12-01,120
expanding,6,2025,2025-10-01,20459806.862,20517695.325688753,-57888.463688753545,2015-01-01,2024-12-01,120
expanding,6,2025,2025-11-01,21098962.566,21010595.278011438,88367.28798856214,2015-01-01,2024-12-01,120
expanding,6,2025,2025-12-01,22697453.736,22059781.74897846,637671.9870215431,2015-01-01,2024-12-01,120
sliding,1,2020,2020-01-01,23826282.724,23943504.733921103,-117222.00992110372,2015-01-01,2019-12-01,60
sliding,1,2020,2020-02-01,20980969.957,20381811.954631817,599158.002368182,2015-01-01,2019-12-01,60
sliding,1,2020,2020-03-01,20926733.362,21828924.678285897,-902191.316285897,2015-01-01,2019-12-01,60
sliding,1,2020,2020-04-01,17060911.994,20010875.81272283,-2949963.818722829,2015-01-01,2019-12-01,60
sliding,1,2020,2020-05-01,18308083.84,20781198.589370005,-2473114.749370005,2015-01-01,2019-12-01,60
sliding,1,2020,2020-06-01,19358582.116,20759995.6408732,-1401413.5248732008,2015-01-01,2019-12-01,60
sliding,1,2020,2020-07-01,23194421.105,24128726.07010262,-934304.9651026204,2015-01-01,2019-12-01,60
sliding,1,2020,2020-08-01,22065111.348,22591660.31619277,-526548.9681927674,2015-01-01,2019-12-01,60
sliding,1,2020,2020-09-01,20498509.843,21299856.004408576,-801346.1614085771,2015-01-01,2019-12-01,60
sliding,1,2020,2020-10-01,20693485.205,21664641.101269647,-971155.8962696493,2015-01-01,2019-12-01,60
sliding,1,2020,2020-11-01,20698566.523,21316504.44321341,-617937.9202134125,2015-01-01,2019-12-01,60
sliding,1,2020,2020-12-01,22438961.596,22366513.446038675,72448.14996132627,2015-01-01,2019-12-01,60
sliding,2,2021,2021-01-01,23909484.894,24111570.821714915,-202085.92771491408,2016-01-01,2020-12-01,60
sliding,2,2021,2021-02-01,20182155.276,20851599.79354107,-669444.5175410695,2016-01-01,2020-12-01,60
sliding,2,2021,2021-03-01,21823050.887,20887327.735332314,935723.1516676843,2016-01-01,2020-12-01,60
sliding,2,2021,2021-04-01,19940221.825,17162359.12678542,2777862.6982145794,2016-01-01,2020-12-01,60
sliding,2,2021,2021-05-01,20346648.964,18210610.31978435,2136038.644215651,2016-01-01,2020-12-01,60
sliding,2,2021,2021-06-01,20728356.541,19018262.37228769,1710094.1687123105,2016-01-01,2020-12-01,60
sliding,2,2021,2021-07-01,22922255.761,22064381.998445667,857873.7625543326,2016-01-01,2020-12-01,60
sliding,2,2021,2021-08-01,22059793.279,21590963.59900602,468829.67999397963,2016-01-01,2020-12-01,60
sliding,2,2021,2021-09-01,20972956.058,20095629.061122473,877326.996877525,2016-01-01,2020-12-01,60
sliding,2,2021,2021-10-01,20197477.971,19637584.88228816,559893.0887118392,2016-01-01,2020-12-01,60
sliding,2,2021,2021-11-01,21433492.692,21389895.36470939,43597.327290613204,2016-01-01,2020-12-01,60
sliding,2,2021,2021-12-01,22029944.637,21731252.32255923,298692.3144407682,2016-01-01,2020-12-01,60
sliding,3,2022,2022-01-01,22729295.932,23684473.535844523,-955177.6038445234,2017-01-01,2021-12-01,60
sliding,3,2022,2022-02-01,20168155.371,20448772.28794008,-280616.91694008186,2017-01-01,2021-12-01,60
sliding,3,2022,2022-03-01,21475748.762,21989939.436082665,-514190.67408266664,2017-01-01,2021-12-01,60
sliding,3,2022,2022-04-01,19589011.223,19958782.385860454,-369771.1628604531,2017-01-01,2021-12-01,60
sliding,3,2022,2022-05-01,20301232.67,20254552.921269543,46679.74873045832,2017-01-01,2021-12-01,60
sliding,3,2022,2022-06-01,21330346.609,21769168.090449493,-438821.4814494923,2017-01-01,2021-12-01,60
sliding,3,2022,2022-07-01,23635939.166,24824826.778459698,-1188887.6124596968,2017-01-01,2021-12-01,60
sliding,3,2022,2022-08-01,22009668.436,23186647.44325713,-1176979.00725713,2017-01-01,2021-12-01,60
sliding,3,2022,2022-09-01,20311958.98,21344309.522013854,-1032350.5420138538,2017-01-01,2021-12-01,60
sliding,3,2022,2022-10-01,19330113.115,19815696.55812569,-485583.44312569126,2017-01-01,2021-12-01,60
sliding,3,2022,2022-11-01,19301765.718,20191406.20874911,-889640.4907491133,2017-01-01,2021-12-01,60
sliding,3,2022,2022-12-01,20287656.712,21606064.27823934,-1318407.5662393384,2017-01-01,2021-12-01,60
sliding,4,2023,2023-01-01,22134026.291,21662288.267068747,471738.0239312537,2018-01-01,2022-12-01,60
sliding,4,2023,2023-02-01,20560235.18,20134913.140775185,425322.0392248146,2018-01-01,2022-12-01,60
sliding,4,2023,2023-03-01,20639711.232,19580074.168067817,1059637.0639321841,2018-01-01,2022-12-01,60
sliding,4,2023,2023-04-01,18316734.3,17292376.252236575,1024358.0477634259,2018-01-01,2022-12-01,60
sliding,4,2023,2023-05-01,19243367.373,19147367.79797151,95999.57502849028,2018-01-01,2022-12-01,60
sliding,4,2023,2023-06-01,19973380.276,19887336.83510006,86043.44089994207,2018-01-01,2022-12-01,60
sliding,4,2023,2023-07-01,22799599.054,22070745.561095513,728853.492904488,2018-01-01,2022-12-01,60
sliding,4,2023,2023-08-01,21829565.953,21179962.808010086,649603.1449899152,2018-01-01,2022-12-01,60
sliding,4,2023,2023-09-01,19762754.89,18813425.260925237,949329.6290747635,2018-01-01,2022-12-01,60
sliding,4,2023,2023-10-01,19990082.144,18865631.54702128,1124450.5969787203,2018-01-01,2022-12-01,60
sliding,4,2023,2023-11-01,20113191.795,18476028.960674945,1637162.8343250565,2018-01-01,2022-12-01,60
sliding,4,2023,2023-12-01,21302390.025,20167619.56499872,1134770.4600012787,2018-01-01,2022-12-01,60
sliding,5,2024,2024-01-01,22353571.734,21305436.720038503,1048135.0139614977,2019-01-01,2023-12-01,60
sliding,5,2024,2024-02-01,20335524.431,19554667.3044744,780857.1265256032,2019-01-01,2023-12-01,60
sliding,5,2024,2024-03-01,20714646.058,20841902.163076937,-127256.10507693887,2019-01-01,2023-12-01,60
sliding,5,2024,2024-04-01,19297307.065,18594168.641477168,703138.4235228337,2019-01-01,2023-12-01,60
sliding,5,2024,2024-05-01,19541304.511,19165500.15943523,375804.3515647687,2019-01-01,2023-12-01,60
sliding,5,2024,2024-06-01,19647475.567,19071121.026357617,576354.5406423844,2019-01-01,2023-12-01,60
sliding,5,2024,2024-07-01,22776696.191,22286975.06615638,489721.12484361976,2019-01-01,2023-12-01,60
sliding,5,2024,2024-08-01,22457895.434,21592328.72840976,865566.7055902407,2019-01-01,2023-12-01,60
sliding,5,2024,2024-09-01,19951121.613,19400541.16796132,550580.44503868,2019-01-01,2023-12-01,60
sliding,5,2024,2024-10-01,20340919.009,19726178.052642763,614740.956357237,2019-01-01,2023-12-01,60
sliding,5,2024,2024-11-01,19908555.216,19836609.046352047,71946.16964795068,2019-01-01,2023-12-01,60
sliding,5,2024,2024-12-01,21674632.33,21098499.980654996,576132.3493450023,2019-01-01,2023-12-01,60
sliding,6,2025,2025-01-01,22938402.648,23084845.557970952,-146442.90997095406,2020-01-01,2024-12-01,60
sliding,6,2025,2025-02-01,20264278.732,21117988.613880333,-853709.8818803318,2020-01-01,2024-12-01,60
sliding,6,2025,2025-03-01,21873142.114,21729489.44429767,143652.66970232874,2020-01-01,2024-12-01,60
sliding,6,2025,2025-04-01,18774342.998,19850040.90278022,-1075697.9047802202,2020-01-01,2024-12-01,60
sliding,6,2025,2025-05-01,19552211.448,20391985.006933637,-839773.558933638,2020-01-01,2024-12-01,60
sliding,6,2025,2025-06-01,21828642.151,22557877.47711354,-729235.3261135407,2020-01-01,2024-12-01,60
sliding,6,2025,2025-07-01,23484214.113,23305105.020308852,179109.09269114956,2020-01-01,2024-12-01,60
sliding,6,2025,2025-08-01,22275152.603,23299436.03103312,-1024283.4280331209,2020-01-01,2024-12-01,60
sliding,6,2025,2025-09-01,20839861.397,21285928.24641587,-446066.8494158685,2020-01-01,2024-12-01,60
sliding,6,2025,2025-10-01,20459806.862,20723455.785134405,-263648.92313440517,2020-01-01,2024-12-01,60
sliding,6,2025,2025-11-01,21098962.566,20899787.66751204,199174.89848795906,2020-01-01,2024-12-01,60
sliding,6,2025,2025-12-01,22697453.736,22104400.17780332,593053.5581966825,2020-01-01,2024-12-01,60
